,word,S_Prob,NS_Prob,Ratio,Info_Gain,label
3094,http,0.047975,0.004381,10.950696,11.382610315771206,spam
1847,htt,0.048273,0.004463,10.816267,11.184857249572289,spam
851,former,0.000796,8.3e-05,9.590361,9.416151662542651,spam
2572,frakintosh,0.000796,8.3e-05,9.590361,9.416151662542651,spam
3115,tldr,0.000697,8.3e-05,8.39759,7.7606719902977614,spam
858,newyorker,0.000697,8.3e-05,8.39759,7.7606719902977614,spam
3291,magic,0.000597,8.3e-05,7.1927710000000005,6.163458379486532,spam
2357,nytimes,0.000995,0.000165,6.030303,4.7056814228847985,spam
85,digiphile,0.0004980000000000001,8.3e-05,6.0,4.668907502301861,spam
2665,laugh,0.0004980000000000001,8.3e-05,6.0,4.668907502301861,spam
3064,fox,0.0004980000000000001,8.3e-05,6.0,4.668907502301861,spam
2205,woody,0.0004980000000000001,8.3e-05,6.0,4.668907502301861,spam
1930,lower,0.0004980000000000001,8.3e-05,6.0,4.668907502301861,spam
2816,crazy,0.0004980000000000001,8.3e-05,6.0,4.668907502301861,spam
3320,yorker,0.0008960000000000001,0.000165,5.430303,3.990317313915221,spam
276,jill,0.000796,0.000165,4.824242,3.2970272974803887,spam
2924,slow,0.000398,8.3e-05,4.7951809999999995,3.264583223698052,spam
1430,shooting,0.000398,8.3e-05,4.7951809999999995,3.264583223698052,spam
1904,prize,0.000398,8.3e-05,4.7951809999999995,3.264583223698052,spam
894,dont,0.000398,8.3e-05,4.7951809999999995,3.264583223698052,spam
2902,birthday,0.000398,8.3e-05,4.7951809999999995,3.264583223698052,spam
500,equalpay,0.000398,8.3e-05,4.7951809999999995,3.264583223698052,spam
1101,thurs,0.000398,8.3e-05,4.7951809999999995,3.264583223698052,spam
2485,tla,0.000398,8.3e-05,4.7951809999999995,3.264583223698052,spam
2455,latest,0.0010949999999999998,0.000248,4.415323,2.8477176703059883,spam
1617,npr,0.000697,0.000165,4.224241999999999,2.6433143212981167,spam
3147,york,0.001294,0.000331,3.9093660000000003,2.3147603609765106,spam
2532,page,0.000597,0.000165,3.618182,2.020719944073198,spam
1622,perkins,0.000597,0.000165,3.618182,2.020719944073198,spam
581,dirtbagg,0.000597,0.000165,3.618182,2.020719944073198,spam
2621,vera,0.000597,0.000165,3.618182,2.020719944073198,spam
1954,history,0.0008960000000000001,0.000248,3.6129029999999998,2.0154807059537494,spam
1912,video,0.001194,0.000331,3.607251,2.00987499073169,spam
2563,appear,0.000299,8.3e-05,3.60241,2.005076691749233,spam
188,surgery,0.000299,8.3e-05,3.60241,2.005076691749233,spam
2131,posting,0.000299,8.3e-05,3.60241,2.005076691749233,spam
3039,performance,0.000299,8.3e-05,3.60241,2.005076691749233,spam
596,actors,0.000299,8.3e-05,3.60241,2.005076691749233,spam
116,kare,0.000299,8.3e-05,3.60241,2.005076691749233,spam
2482,prince,0.000299,8.3e-05,3.60241,2.005076691749233,spam
2958,decades,0.000299,8.3e-05,3.60241,2.005076691749233,spam
1357,bell,0.000299,8.3e-05,3.60241,2.005076691749233,spam
121,bonhamcentresds,0.000299,8.3e-05,3.60241,2.005076691749233,spam
2515,porn,0.000299,8.3e-05,3.60241,2.005076691749233,spam
2629,ritual,0.000299,8.3e-05,3.60241,2.005076691749233,spam
2432,citizens,0.000299,8.3e-05,3.60241,2.005076691749233,spam
1879,gmi,0.000299,8.3e-05,3.60241,2.005076691749233,spam
1735,wife,0.000299,8.3e-05,3.60241,2.005076691749233,spam
1048,jah,0.000299,8.3e-05,3.60241,2.005076691749233,spam
964,harper,0.000299,8.3e-05,3.60241,2.005076691749233,spam
3227,youth,0.000299,8.3e-05,3.60241,2.005076691749233,spam
1978,excellent,0.000299,8.3e-05,3.60241,2.005076691749233,spam
1913,leave,0.000299,8.3e-05,3.60241,2.005076691749233,spam
449,pls,0.000299,8.3e-05,3.60241,2.005076691749233,spam
1045,martin,0.000299,8.3e-05,3.60241,2.005076691749233,spam
3290,peace,0.000299,8.3e-05,3.60241,2.005076691749233,spam
831,paris,0.000299,8.3e-05,3.60241,2.005076691749233,spam
957,bills,0.000299,8.3e-05,3.60241,2.005076691749233,spam
2877,west,0.000299,8.3e-05,3.60241,2.005076691749233,spam
2807,launch,0.000299,8.3e-05,3.60241,2.005076691749233,spam
2769,allow,0.000299,8.3e-05,3.60241,2.005076691749233,spam
1766,legal,0.000299,8.3e-05,3.60241,2.005076691749233,spam
2093,jay,0.000299,8.3e-05,3.60241,2.005076691749233,spam
2948,cover,0.0010949999999999998,0.000331,3.308157,1.7188724345480313,spam
1974,ray,0.000796,0.000248,3.209677,1.625577282834311,spam
442,talks,0.000796,0.000248,3.209677,1.625577282834311,spam
704,mariko,0.00209,0.000661,3.161876,1.5807635722840092,spam
479,tamaki,0.00209,0.000661,3.161876,1.5807635722840092,spam
2290,review,0.0004980000000000001,0.000165,3.018182,1.447959005436429,spam
3181,ameliagreenhall,0.0004980000000000001,0.000165,3.018182,1.447959005436429,spam
2253,fantastic,0.0004980000000000001,0.000165,3.018182,1.447959005436429,spam
644,month,0.0004980000000000001,0.000165,3.018182,1.447959005436429,spam
1067,marriage,0.0004980000000000001,0.000165,3.018182,1.447959005436429,spam
2149,police,0.0004980000000000001,0.000165,3.018182,1.447959005436429,spam
1334,marikotamaki,0.001991,0.000661,3.0121029999999998,1.4424052173544617,spam
2250,kid,0.000697,0.000248,2.810484,1.2612921494228173,spam
1767,urge,0.000697,0.000248,2.810484,1.2612921494228173,spam
2744,sam,0.000697,0.000248,2.810484,1.2612921494228173,spam
2507,new,0.007067,0.002562,2.7583919999999997,1.2155019426397464,spam
2672,toronto,0.0008960000000000001,0.000331,2.7069490000000003,1.170701502659785,spam
2611,perform,0.0010949999999999998,0.000413,2.651332,1.12274395504626,spam
1453,scott,0.000398,0.000165,2.412121,0.9223928745691964,spam
3126,hiv,0.000398,0.000165,2.412121,0.9223928745691964,spam
709,cook,0.000398,0.000165,2.412121,0.9223928745691964,spam
2752,carr,0.000398,0.000165,2.412121,0.9223928745691964,spam
18,lady,0.000398,0.000165,2.412121,0.9223928745691964,spam
219,share,0.000398,0.000165,2.412121,0.9223928745691964,spam
916,panel,0.000398,0.000165,2.412121,0.9223928745691964,spam
3124,solo,0.000398,0.000165,2.412121,0.9223928745691964,spam
3315,mckenziewark,0.000398,0.000165,2.412121,0.9223928745691964,spam
678,little,0.000398,0.000165,2.412121,0.9223928745691964,spam
1235,dies,0.000398,0.000165,2.412121,0.9223928745691964,spam
456,awards,0.000398,0.000165,2.412121,0.9223928745691964,spam
2653,diversity,0.000597,0.000248,2.407258,0.9184234241044686,spam
2938,esh,0.000597,0.000248,2.407258,0.9184234241044686,spam
2980,calif,0.000597,0.000248,2.407258,0.9184234241044686,spam
1246,john,0.001194,0.000496,2.407258,0.9184234241044686,spam
3211,story,0.001393,0.000579,2.405872,0.9172928748924984,spam
1598,dance,0.000199,8.3e-05,2.39759,0.9105445469953004,spam
2422,approve,0.000199,8.3e-05,2.39759,0.9105445469953004,spam
1670,shakestweetz,0.000199,8.3e-05,2.39759,0.9105445469953004,spam
2095,karen,0.000199,8.3e-05,2.39759,0.9105445469953004,spam
1679,lod,0.000199,8.3e-05,2.39759,0.9105445469953004,spam
840,oliver,0.000199,8.3e-05,2.39759,0.9105445469953004,spam
2016,named,0.000199,8.3e-05,2.39759,0.9105445469953004,spam
1986,starts,0.000199,8.3e-05,2.39759,0.9105445469953004,spam
2663,among,0.000199,8.3e-05,2.39759,0.9105445469953004,spam
1939,victory,0.000199,8.3e-05,2.39759,0.9105445469953004,spam
951,source,0.000199,8.3e-05,2.39759,0.9105445469953004,spam
2674,invite,0.000199,8.3e-05,2.39759,0.9105445469953004,spam
411,helped,0.000199,8.3e-05,2.39759,0.9105445469953004,spam
2693,radio,0.000199,8.3e-05,2.39759,0.9105445469953004,spam
2699,drama,0.000199,8.3e-05,2.39759,0.9105445469953004,spam
387,miller,0.000199,8.3e-05,2.39759,0.9105445469953004,spam
1888,patriciaargquette,0.000199,8.3e-05,2.39759,0.9105445469953004,spam
1188,boys,0.000199,8.3e-05,2.39759,0.9105445469953004,spam
381,lawsuit,0.000199,8.3e-05,2.39759,0.9105445469953004,spam
1822,center,0.000199,8.3e-05,2.39759,0.9105445469953004,spam
1809,hta,0.000199,8.3e-05,2.39759,0.9105445469953004,spam
1799,bike,0.000199,8.3e-05,2.39759,0.9105445469953004,spam
1464,eye,0.000199,8.3e-05,2.39759,0.9105445469953004,spam
1007,survivor,0.000199,8.3e-05,2.39759,0.9105445469953004,spam
1777,opera,0.000199,8.3e-05,2.39759,0.9105445469953004,spam
2772,average,0.000199,8.3e-05,2.39759,0.9105445469953004,spam
1538,sandwich,0.000199,8.3e-05,2.39759,0.9105445469953004,spam
786,segment,0.000199,8.3e-05,2.39759,0.9105445469953004,spam
774,tickets,0.000199,8.3e-05,2.39759,0.9105445469953004,spam
2551,pope,0.000199,8.3e-05,2.39759,0.9105445469953004,spam
2463,strib,0.000199,8.3e-05,2.39759,0.9105445469953004,spam
2341,serial,0.000199,8.3e-05,2.39759,0.9105445469953004,spam
2472,performer,0.000199,8.3e-05,2.39759,0.9105445469953004,spam
2340,weekend,0.000199,8.3e-05,2.39759,0.9105445469953004,spam
2320,sites,0.000199,8.3e-05,2.39759,0.9105445469953004,spam
2312,brian,0.000199,8.3e-05,2.39759,0.9105445469953004,spam
1620,easily,0.000199,8.3e-05,2.39759,0.9105445469953004,spam
2268,initiative,0.000199,8.3e-05,2.39759,0.9105445469953004,spam
675,pizza,0.000199,8.3e-05,2.39759,0.9105445469953004,spam
1454,deray,0.000199,8.3e-05,2.39759,0.9105445469953004,spam
2543,oral,0.000199,8.3e-05,2.39759,0.9105445469953004,spam
2553,ambivalent,0.000199,8.3e-05,2.39759,0.9105445469953004,spam
2167,robin,0.000199,8.3e-05,2.39759,0.9105445469953004,spam
711,happens,0.000199,8.3e-05,2.39759,0.9105445469953004,spam
1653,travel,0.000199,8.3e-05,2.39759,0.9105445469953004,spam
2565,curt,0.000199,8.3e-05,2.39759,0.9105445469953004,spam
504,artist,0.000199,8.3e-05,2.39759,0.9105445469953004,spam
2211,larry,0.000199,8.3e-05,2.39759,0.9105445469953004,spam
2198,bars,0.000199,8.3e-05,2.39759,0.9105445469953004,spam
1746,berkeley,0.000199,8.3e-05,2.39759,0.9105445469953004,spam
2188,format,0.000199,8.3e-05,2.39759,0.9105445469953004,spam
1543,contractors,0.000199,8.3e-05,2.39759,0.9105445469953004,spam
2179,chm,0.000199,8.3e-05,2.39759,0.9105445469953004,spam
2177,williams,0.000199,8.3e-05,2.39759,0.9105445469953004,spam
1202,congress,0.000199,8.3e-05,2.39759,0.9105445469953004,spam
1028,teamdnto,0.000199,8.3e-05,2.39759,0.9105445469953004,spam
1340,nelson,0.000199,8.3e-05,2.39759,0.9105445469953004,spam
101,raising,0.000199,8.3e-05,2.39759,0.9105445469953004,spam
2900,shirt,0.000199,8.3e-05,2.39759,0.9105445469953004,spam
1342,copenhagen,0.000199,8.3e-05,2.39759,0.9105445469953004,spam
3083,egypt,0.000199,8.3e-05,2.39759,0.9105445469953004,spam
3075,members,0.000199,8.3e-05,2.39759,0.9105445469953004,spam
161,nomination,0.000199,8.3e-05,2.39759,0.9105445469953004,spam
1241,holy,0.000199,8.3e-05,2.39759,0.9105445469953004,spam
3059,gap,0.000199,8.3e-05,2.39759,0.9105445469953004,spam
178,influence,0.000199,8.3e-05,2.39759,0.9105445469953004,spam
304,aka,0.000199,8.3e-05,2.39759,0.9105445469953004,spam
302,apart,0.000199,8.3e-05,2.39759,0.9105445469953004,spam
180,guest,0.000199,8.3e-05,2.39759,0.9105445469953004,spam
1371,wind,0.000199,8.3e-05,2.39759,0.9105445469953004,spam
1386,jackson,0.000199,8.3e-05,2.39759,0.9105445469953004,spam
1390,kenyatta,0.000199,8.3e-05,2.39759,0.9105445469953004,spam
2951,names,0.000199,8.3e-05,2.39759,0.9105445469953004,spam
2868,workers,0.000199,8.3e-05,2.39759,0.9105445469953004,spam
2885,door,0.000199,8.3e-05,2.39759,0.9105445469953004,spam
3129,todd,0.000199,8.3e-05,2.39759,0.9105445469953004,spam
2909,berlin,0.000199,8.3e-05,2.39759,0.9105445469953004,spam
3311,north,0.000199,8.3e-05,2.39759,0.9105445469953004,spam
347,lgbtq,0.000199,8.3e-05,2.39759,0.9105445469953004,spam
3186,leaving,0.000199,8.3e-05,2.39759,0.9105445469953004,spam
3209,spiritual,0.000199,8.3e-05,2.39759,0.9105445469953004,spam
3213,friday,0.000199,8.3e-05,2.39759,0.9105445469953004,spam
1208,synagogue,0.000199,8.3e-05,2.39759,0.9105445469953004,spam
3301,beard,0.000199,8.3e-05,2.39759,0.9105445469953004,spam
1267,boycottindiana,0.000199,8.3e-05,2.39759,0.9105445469953004,spam
3285,march,0.000199,8.3e-05,2.39759,0.9105445469953004,spam
2827,knew,0.000199,8.3e-05,2.39759,0.9105445469953004,spam
2764,via,0.00209,0.000909,2.29923,0.8313611416386947,spam
2800,late,0.001891,0.0008269999999999999,2.286578,0.821306852772657,spam
1616,today,0.0022890000000000002,0.001074,2.1312849999999997,0.7004287598278708,spam
2473,lee,0.000697,0.000331,2.10574,0.6810063118147485,spam
1309,actually,0.000697,0.000331,2.10574,0.6810063118147485,spam
3309,die,0.0016920000000000001,0.0008269999999999999,2.0459490000000002,0.6360749127739629,spam
2835,sex,0.002687,0.001322,2.032526,0.626091402069022,spam
1972,heathersomervil,0.0004980000000000001,0.000248,2.008065,0.6079974358530129,spam
2412,money,0.0004980000000000001,0.000248,2.008065,0.6079974358530129,spam
3214,sexism,0.0004980000000000001,0.000248,2.008065,0.6079974358530129,spam
2251,baltimore,0.0004980000000000001,0.000248,2.008065,0.6079974358530129,spam
2081,turn,0.0004980000000000001,0.000248,2.008065,0.6079974358530129,spam
1761,citizen,0.0004980000000000001,0.000248,2.008065,0.6079974358530129,spam
800,kim,0.0004980000000000001,0.000248,2.008065,0.6079974358530129,spam
2578,million,0.0004980000000000001,0.000248,2.008065,0.6079974358530129,spam
414,california,0.0004980000000000001,0.000248,2.008065,0.6079974358530129,spam
243,heather,0.000796,0.000413,1.927361,0.5492267014325402,spam
2146,pay,0.001393,0.0007440000000000001,1.872312,0.5099770113135423,spam
1658,pomeranian,0.000299,0.000165,1.8121209999999999,0.4678664348617392,spam
306,bits,0.000299,0.000165,1.8121209999999999,0.4678664348617392,spam
930,sandra,0.000299,0.000165,1.8121209999999999,0.4678664348617392,spam
106,students,0.000299,0.000165,1.8121209999999999,0.4678664348617392,spam
1401,kids,0.000299,0.000165,1.8121209999999999,0.4678664348617392,spam
1856,muslim,0.000299,0.000165,1.8121209999999999,0.4678664348617392,spam
1509,grad,0.000299,0.000165,1.8121209999999999,0.4678664348617392,spam
415,thrill,0.000299,0.000165,1.8121209999999999,0.4678664348617392,spam
784,journalism,0.000299,0.000165,1.8121209999999999,0.4678664348617392,spam
3267,league,0.000299,0.000165,1.8121209999999999,0.4678664348617392,spam
1895,older,0.000299,0.000165,1.8121209999999999,0.4678664348617392,spam
390,personal,0.000299,0.000165,1.8121209999999999,0.4678664348617392,spam
1396,barr,0.000299,0.000165,1.8121209999999999,0.4678664348617392,spam
133,starting,0.000299,0.000165,1.8121209999999999,0.4678664348617392,spam
1209,ginatrapani,0.000299,0.000165,1.8121209999999999,0.4678664348617392,spam
2493,vulnerable,0.000299,0.000165,1.8121209999999999,0.4678664348617392,spam
674,lives,0.000299,0.000165,1.8121209999999999,0.4678664348617392,spam
1728,alma,0.000299,0.000165,1.8121209999999999,0.4678664348617392,spam
317,tbt,0.000299,0.000165,1.8121209999999999,0.4678664348617392,spam
1425,xeni,0.000299,0.000165,1.8121209999999999,0.4678664348617392,spam
1215,technology,0.000299,0.000165,1.8121209999999999,0.4678664348617392,spam
2794,major,0.000299,0.000165,1.8121209999999999,0.4678664348617392,spam
2338,poor,0.000299,0.000165,1.8121209999999999,0.4678664348617392,spam
835,marc,0.000299,0.000165,1.8121209999999999,0.4678664348617392,spam
1063,consider,0.000299,0.000165,1.8121209999999999,0.4678664348617392,spam
1017,income,0.000299,0.000165,1.8121209999999999,0.4678664348617392,spam
3232,correspondence,0.000299,0.000165,1.8121209999999999,0.4678664348617392,spam
199,school,0.0008960000000000001,0.000496,1.806452,0.4639446113251061,spam
2263,date,0.0008960000000000001,0.000496,1.806452,0.4639446113251061,spam
2318,company,0.000597,0.000331,1.803625,0.4619917737010046,spam
447,support,0.000597,0.000331,1.803625,0.4619917737010046,spam
110,site,0.000597,0.000331,1.803625,0.4619917737010046,spam
2178,team,0.000597,0.000331,1.803625,0.4619917737010046,spam
809,news,0.001593,0.000909,1.752475,0.426993742949044,spam
227,open,0.000995,0.000579,1.71848,0.4040910895994461,spam
1149,zen,0.000697,0.000413,1.6876509999999998,0.383573776498134,spam
66,check,0.000697,0.000413,1.6876509999999998,0.383573776498134,spam
2185,times,0.0017920000000000002,0.001074,1.6685290000000002,0.3709703251477144,spam
2274,actual,0.000796,0.000496,1.604839,0.3296844345837072,spam
939,kevinmarks,0.000398,0.000248,1.604839,0.3296844345837072,spam
2342,stage,0.000398,0.000248,1.604839,0.3296844345837072,spam
933,ages,0.000796,0.000496,1.604839,0.3296844345837072,spam
685,semitism,0.000398,0.000248,1.604839,0.3296844345837072,spam
3114,park,0.000398,0.000248,1.604839,0.3296844345837072,spam
748,comics,0.000398,0.000248,1.604839,0.3296844345837072,spam
799,jane,0.000398,0.000248,1.604839,0.3296844345837072,spam
1541,looking,0.000796,0.000496,1.604839,0.3296844345837072,spam
2220,sunday,0.000398,0.000248,1.604839,0.3296844345837072,spam
2632,funding,0.000398,0.000248,1.604839,0.3296844345837072,spam
2956,thx,0.000398,0.000248,1.604839,0.3296844345837072,spam
67,performing,0.000398,0.000248,1.604839,0.3296844345837072,spam
2539,abuse,0.000398,0.000248,1.604839,0.3296844345837072,spam
2555,basic,0.000398,0.000248,1.604839,0.3296844345837072,spam
910,national,0.000398,0.000248,1.604839,0.3296844345837072,spam
1826,represent,0.000398,0.000248,1.604839,0.3296844345837072,spam
1991,report,0.000398,0.000248,1.604839,0.3296844345837072,spam
2576,award,0.000796,0.000496,1.604839,0.3296844345837072,spam
657,free,0.0008960000000000001,0.000579,1.547496,0.2934509470802975,spam
1787,day,0.005872,0.0038020000000000003,1.54445,0.29155177730033305,spam
146,low,0.0022890000000000002,0.0014880000000000002,1.538306,0.2877289599153276,spam
3179,mother,0.0004980000000000001,0.000331,1.504532,0.2669061270998536,spam
1329,wark,0.0004980000000000001,0.000331,1.504532,0.2669061270998536,spam
171,prof,0.0004980000000000001,0.000331,1.504532,0.2669061270998536,spam
1089,cut,0.0004980000000000001,0.000331,1.504532,0.2669061270998536,spam
3198,took,0.0004980000000000001,0.000331,1.504532,0.2669061270998536,spam
842,trial,0.0004980000000000001,0.000331,1.504532,0.2669061270998536,spam
1610,young,0.0004980000000000001,0.000331,1.504532,0.2669061270998536,spam
2322,mike,0.0004980000000000001,0.000331,1.504532,0.2669061270998536,spam
1315,congrats,0.0004980000000000001,0.000331,1.504532,0.2669061270998536,spam
706,hall,0.0010949999999999998,0.0007440000000000001,1.471774,0.24702420613924894,spam
3070,hip,0.0010949999999999998,0.0007440000000000001,1.471774,0.24702420613924894,spam
258,wed,0.000597,0.000413,1.4455209999999998,0.2313186384080353,spam
1362,wadhwa,0.000597,0.000413,1.4455209999999998,0.2313186384080353,spam
331,matter,0.000597,0.000413,1.4455209999999998,0.2313186384080353,spam
564,second,0.000597,0.000413,1.4455209999999998,0.2313186384080353,spam
2953,needs,0.000597,0.000413,1.4455209999999998,0.2313186384080353,spam
2899,lgbt,0.001194,0.0008269999999999999,1.443773,0.230280228178376,spam
2931,interview,0.001194,0.0008269999999999999,1.443773,0.230280228178376,spam
3112,post,0.001194,0.0008269999999999999,1.443773,0.230280228178376,spam
2845,rev,0.001194,0.0008269999999999999,1.443773,0.230280228178376,spam
2143,jon,0.001194,0.0008269999999999999,1.443773,0.230280228178376,spam
2823,live,0.001891,0.001322,1.430408,0.222371128102298,spam
134,bill,0.001294,0.000909,1.423542,0.21832904230714167,spam
396,bal,0.001294,0.000909,1.423542,0.21832904230714167,spam
2803,mart,0.000697,0.000496,1.405242,0.20762608154456444,spam
352,class,0.000697,0.000496,1.405242,0.20762608154456444,spam
1140,fund,0.000697,0.000496,1.405242,0.20762608154456444,spam
2436,discrimination,0.000697,0.000496,1.405242,0.20762608154456444,spam
3193,nation,0.0016920000000000001,0.00124,1.364516,0.18418050366716188,spam
1649,icon,0.0008960000000000001,0.000661,1.355522,0.17907336270344065,spam
2381,mar,0.0057729999999999995,0.004298,1.343183,0.17210900422912132,spam
2024,kthalps,0.0010949999999999998,0.0008269999999999999,1.324063,0.16141473242363466,spam
1857,morning,0.003583,0.002727,1.313898,0.15577791685899098,spam
2219,law,0.001294,0.000992,1.304435,0.1505610745391332,spam
1423,nyt,0.0016920000000000001,0.001322,1.279879,0.1371632415945033,spam
1732,morningjew,0.0031850000000000003,0.002562,1.243169,0.11751697927901544,spam
3178,signs,0.000199,0.000165,1.206061,0.09813630803093217,spam
2144,yay,0.000199,0.000165,1.206061,0.09813630803093217,spam
1941,fucking,0.000199,0.000165,1.206061,0.09813630803093217,spam
1339,diary,0.000199,0.000165,1.206061,0.09813630803093217,spam
19,biggest,0.000199,0.000165,1.206061,0.09813630803093217,spam
1808,champ,0.000199,0.000165,1.206061,0.09813630803093217,spam
633,covered,0.000199,0.000165,1.206061,0.09813630803093217,spam
1303,breaking,0.000199,0.000165,1.206061,0.09813630803093217,spam
2066,putting,0.000199,0.000165,1.206061,0.09813630803093217,spam
1747,tune,0.000199,0.000165,1.206061,0.09813630803093217,spam
1535,amen,0.000199,0.000165,1.206061,0.09813630803093217,spam
1739,lover,0.000199,0.000165,1.206061,0.09813630803093217,spam
3197,thelancearthur,0.000199,0.000165,1.206061,0.09813630803093217,spam
2032,lesbians,0.000199,0.000165,1.206061,0.09813630803093217,spam
823,comments,0.000199,0.000165,1.206061,0.09813630803093217,spam
2012,player,0.000199,0.000165,1.206061,0.09813630803093217,spam
2096,kithonline,0.000199,0.000165,1.206061,0.09813630803093217,spam
1672,memory,0.000199,0.000165,1.206061,0.09813630803093217,spam
476,bush,0.000199,0.000165,1.206061,0.09813630803093217,spam
1485,three,0.000199,0.000165,1.206061,0.09813630803093217,spam
2612,friends,0.000199,0.000165,1.206061,0.09813630803093217,spam
22,exactly,0.000199,0.000165,1.206061,0.09813630803093217,spam
3223,venture,0.000199,0.000165,1.206061,0.09813630803093217,spam
2710,attention,0.000199,0.000165,1.206061,0.09813630803093217,spam
1187,claim,0.000199,0.000165,1.206061,0.09813630803093217,spam
240,program,0.000199,0.000165,1.206061,0.09813630803093217,spam
39,credit,0.000199,0.000165,1.206061,0.09813630803093217,spam
2326,joe,0.000199,0.000165,1.206061,0.09813630803093217,spam
1119,wide,0.000199,0.000165,1.206061,0.09813630803093217,spam
651,rare,0.000199,0.000165,1.206061,0.09813630803093217,spam
621,sketch,0.000199,0.000165,1.206061,0.09813630803093217,spam
2292,product,0.000199,0.000165,1.206061,0.09813630803093217,spam
1237,coffee,0.000199,0.000165,1.206061,0.09813630803093217,spam
2275,tummeling,0.000199,0.000165,1.206061,0.09813630803093217,spam
662,richard,0.000199,0.000165,1.206061,0.09813630803093217,spam
1130,original,0.000199,0.000165,1.206061,0.09813630803093217,spam
2273,simon,0.000199,0.000165,1.206061,0.09813630803093217,spam
2266,wanna,0.000199,0.000165,1.206061,0.09813630803093217,spam
2416,tape,0.000199,0.000165,1.206061,0.09813630803093217,spam
2259,honor,0.000199,0.000165,1.206061,0.09813630803093217,spam
2754,lovely,0.000199,0.000165,1.206061,0.09813630803093217,spam
1248,calling,0.000199,0.000165,1.206061,0.09813630803093217,spam
232,debcha,0.000199,0.000165,1.206061,0.09813630803093217,spam
1931,native,0.000199,0.000165,1.206061,0.09813630803093217,spam
705,ashton,0.000199,0.000165,1.206061,0.09813630803093217,spam
922,jsmooth,0.000199,0.000165,1.206061,0.09813630803093217,spam
3090,april,0.000199,0.000165,1.206061,0.09813630803093217,spam
1911,essay,0.000199,0.000165,1.206061,0.09813630803093217,spam
1230,sarahm,0.000199,0.000165,1.206061,0.09813630803093217,spam
2972,ended,0.000199,0.000165,1.206061,0.09813630803093217,spam
1507,religious,0.000199,0.000165,1.206061,0.09813630803093217,spam
977,broadcast,0.000199,0.000165,1.206061,0.09813630803093217,spam
1869,google,0.000199,0.000165,1.206061,0.09813630803093217,spam
914,quote,0.000199,0.000165,1.206061,0.09813630803093217,spam
114,thelex,0.000199,0.000165,1.206061,0.09813630803093217,spam
2262,subject,0.000199,0.000165,1.206061,0.09813630803093217,spam
20,black,0.0004980000000000001,0.000413,1.205811,0.09800740334563676,spam
982,ryl,0.0004980000000000001,0.000413,1.205811,0.09800740334563676,spam
739,indiana,0.0004980000000000001,0.000413,1.205811,0.09800740334563676,spam
848,allen,0.0004980000000000001,0.000413,1.205811,0.09800740334563676,spam
1447,uses,0.000299,0.000248,1.205645,0.09792182307019112,spam
89,almost,0.000299,0.000248,1.205645,0.09792182307019112,spam
2961,accept,0.000299,0.000248,1.205645,0.09792182307019112,spam
962,hockey,0.000299,0.000248,1.205645,0.09792182307019112,spam
1273,blogging,0.000299,0.000248,1.205645,0.09792182307019112,spam
445,longer,0.000299,0.000248,1.205645,0.09792182307019112,spam
2415,might,0.000299,0.000248,1.205645,0.09792182307019112,spam
2558,outside,0.000299,0.000248,1.205645,0.09792182307019112,spam
341,non,0.000299,0.000248,1.205645,0.09792182307019112,spam
2232,conference,0.000299,0.000248,1.205645,0.09792182307019112,spam
1937,link,0.000299,0.000248,1.205645,0.09792182307019112,spam
253,prop,0.000299,0.000248,1.205645,0.09792182307019112,spam
2933,julia,0.000299,0.000248,1.205645,0.09792182307019112,spam
1305,others,0.000299,0.000248,1.205645,0.09792182307019112,spam
1671,raise,0.000299,0.000248,1.205645,0.09792182307019112,spam
3148,antic,0.000299,0.000248,1.205645,0.09792182307019112,spam
1043,soft,0.000299,0.000248,1.205645,0.09792182307019112,spam
2006,youtube,0.000299,0.000248,1.205645,0.09792182307019112,spam
1072,ferguson,0.000299,0.000248,1.205645,0.09792182307019112,spam
326,patrick,0.000299,0.000248,1.205645,0.09792182307019112,spam
1070,require,0.000299,0.000248,1.205645,0.09792182307019112,spam
1759,special,0.000299,0.000248,1.205645,0.09792182307019112,spam
353,tomorrow,0.000299,0.000248,1.205645,0.09792182307019112,spam
3327,laws,0.000299,0.000248,1.205645,0.09792182307019112,spam
3317,canadian,0.000299,0.000248,1.205645,0.09792182307019112,spam
1175,inequality,0.000299,0.000248,1.205645,0.09792182307019112,spam
457,lebowitz,0.000299,0.000248,1.205645,0.09792182307019112,spam
836,usa,0.000299,0.000248,1.205645,0.09792182307019112,spam
2889,killed,0.000299,0.000248,1.205645,0.09792182307019112,spam
751,ken,0.001294,0.001074,1.204842,0.09750798154490514,spam
1520,wow,0.0001,8.3e-05,1.204819,0.09749613147490124,spam
1308,halper,0.0001,8.3e-05,1.204819,0.09749613147490124,spam
1306,opinion,0.0001,8.3e-05,1.204819,0.09749613147490124,spam
1563,reaction,0.0001,8.3e-05,1.204819,0.09749613147490124,spam
1597,reminders,0.0001,8.3e-05,1.204819,0.09749613147490124,spam
1594,foxman,0.0001,8.3e-05,1.204819,0.09749613147490124,spam
1592,businesses,0.0001,8.3e-05,1.204819,0.09749613147490124,spam
1437,study,0.0001,8.3e-05,1.204819,0.09749613147490124,spam
1573,champion,0.0001,8.3e-05,1.204819,0.09749613147490124,spam
1516,documentary,0.0001,8.3e-05,1.204819,0.09749613147490124,spam
1572,sticking,0.0001,8.3e-05,1.204819,0.09749613147490124,spam
1412,married,0.0001,8.3e-05,1.204819,0.09749613147490124,spam
1574,periscope,0.0001,8.3e-05,1.204819,0.09749613147490124,spam
1331,services,0.0001,8.3e-05,1.204819,0.09749613147490124,spam
1605,streets,0.0001,8.3e-05,1.204819,0.09749613147490124,spam
1389,mattbors,0.0001,8.3e-05,1.204819,0.09749613147490124,spam
1688,jonronson,0.0001,8.3e-05,1.204819,0.09749613147490124,spam
1693,dearsplenda,0.0001,8.3e-05,1.204819,0.09749613147490124,spam
1494,standard,0.0001,8.3e-05,1.204819,0.09749613147490124,spam
1336,shield,0.0001,8.3e-05,1.204819,0.09749613147490124,spam
1700,zucker,0.0001,8.3e-05,1.204819,0.09749613147490124,spam
1701,sugar,0.0001,8.3e-05,1.204819,0.09749613147490124,spam
1481,rarely,0.0001,8.3e-05,1.204819,0.09749613147490124,spam
1479,motherjones,0.0001,8.3e-05,1.204819,0.09749613147490124,spam
1711,maya,0.0001,8.3e-05,1.204819,0.09749613147490124,spam
1718,creator,0.0001,8.3e-05,1.204819,0.09749613147490124,spam
1337,marmel,0.0001,8.3e-05,1.204819,0.09749613147490124,spam
1662,gray,0.0001,8.3e-05,1.204819,0.09749613147490124,spam
1330,hmm,0.0001,8.3e-05,1.204819,0.09749613147490124,spam
1656,mums,0.0001,8.3e-05,1.204819,0.09749613147490124,spam
1652,majority,0.0001,8.3e-05,1.204819,0.09749613147490124,spam
1496,subvert,0.0001,8.3e-05,1.204819,0.09749613147490124,spam
1646,replaced,0.0001,8.3e-05,1.204819,0.09749613147490124,spam
1450,environment,0.0001,8.3e-05,1.204819,0.09749613147490124,spam
2,affect,0.0001,8.3e-05,1.204819,0.09749613147490124,spam
1505,mkapor,0.0001,8.3e-05,1.204819,0.09749613147490124,spam
1628,timoreilly,0.0001,8.3e-05,1.204819,0.09749613147490124,spam
1365,fortune,0.0001,8.3e-05,1.204819,0.09749613147490124,spam
1313,cash,0.0001,8.3e-05,1.204819,0.09749613147490124,spam
1519,jordygold,0.0001,8.3e-05,1.204819,0.09749613147490124,spam
1730,sandrabernhard,0.0001,8.3e-05,1.204819,0.09749613147490124,spam
1758,especially,0.0001,8.3e-05,1.204819,0.09749613147490124,spam
2829,monday,0.0001,8.3e-05,1.204819,0.09749613147490124,spam
3004,ivy,0.0001,8.3e-05,1.204819,0.09749613147490124,spam
2985,opportunity,0.0001,8.3e-05,1.204819,0.09749613147490124,spam
2963,guts,0.0001,8.3e-05,1.204819,0.09749613147490124,spam
2946,elonmusk,0.0001,8.3e-05,1.204819,0.09749613147490124,spam
2926,walmart,0.0001,8.3e-05,1.204819,0.09749613147490124,spam
2919,goodbye,0.0001,8.3e-05,1.204819,0.09749613147490124,spam
2888,comedians,0.0001,8.3e-05,1.204819,0.09749613147490124,spam
2875,ceo,0.0001,8.3e-05,1.204819,0.09749613147490124,spam
2860,probably,0.0001,8.3e-05,1.204819,0.09749613147490124,spam
2859,walking,0.0001,8.3e-05,1.204819,0.09749613147490124,spam
2848,bullied,0.0001,8.3e-05,1.204819,0.09749613147490124,spam
2842,marie,0.0001,8.3e-05,1.204819,0.09749613147490124,spam
2808,fist,0.0001,8.3e-05,1.204819,0.09749613147490124,spam
1819,artists,0.0001,8.3e-05,1.204819,0.09749613147490124,spam
2802,zappos,0.0001,8.3e-05,1.204819,0.09749613147490124,spam
2785,vinodsreeharsha,0.0001,8.3e-05,1.204819,0.09749613147490124,spam
2777,singers,0.0001,8.3e-05,1.204819,0.09749613147490124,spam
2763,fighter,0.0001,8.3e-05,1.204819,0.09749613147490124,spam
2732,running,0.0001,8.3e-05,1.204819,0.09749613147490124,spam
2724,directly,0.0001,8.3e-05,1.204819,0.09749613147490124,spam
2720,adriarichards,0.0001,8.3e-05,1.204819,0.09749613147490124,spam
2712,delighted,0.0001,8.3e-05,1.204819,0.09749613147490124,spam
2711,shelter,0.0001,8.3e-05,1.204819,0.09749613147490124,spam
2707,curtin,0.0001,8.3e-05,1.204819,0.09749613147490124,spam
2704,content,0.0001,8.3e-05,1.204819,0.09749613147490124,spam
2690,rabiasquared,0.0001,8.3e-05,1.204819,0.09749613147490124,spam
3007,information,0.0001,8.3e-05,1.204819,0.09749613147490124,spam
3011,claw,0.0001,8.3e-05,1.204819,0.09749613147490124,spam
3016,posted,0.0001,8.3e-05,1.204819,0.09749613147490124,spam
3047,nose,0.0001,8.3e-05,1.204819,0.09749613147490124,spam
3313,japanese,0.0001,8.3e-05,1.204819,0.09749613147490124,spam
3312,christians,0.0001,8.3e-05,1.204819,0.09749613147490124,spam
3308,sneak,0.0001,8.3e-05,1.204819,0.09749613147490124,spam
3306,mmflint,0.0001,8.3e-05,1.204819,0.09749613147490124,spam
3296,womenshistorymonth,0.0001,8.3e-05,1.204819,0.09749613147490124,spam
3293,island,0.0001,8.3e-05,1.204819,0.09749613147490124,spam
3288,tried,0.0001,8.3e-05,1.204819,0.09749613147490124,spam
3265,boom,0.0001,8.3e-05,1.204819,0.09749613147490124,spam
3252,michele,0.0001,8.3e-05,1.204819,0.09749613147490124,spam
3241,caught,0.0001,8.3e-05,1.204819,0.09749613147490124,spam
3237,bryant,0.0001,8.3e-05,1.204819,0.09749613147490124,spam
3205,genital,0.0001,8.3e-05,1.204819,0.09749613147490124,spam
3184,filed,0.0001,8.3e-05,1.204819,0.09749613147490124,spam
3182,muslims,0.0001,8.3e-05,1.204819,0.09749613147490124,spam
3167,following,0.0001,8.3e-05,1.204819,0.09749613147490124,spam
3165,hills,0.0001,8.3e-05,1.204819,0.09749613147490124,spam
3127,phew,0.0001,8.3e-05,1.204819,0.09749613147490124,spam
3088,pbs,0.0001,8.3e-05,1.204819,0.09749613147490124,spam
3087,ixdconf,0.0001,8.3e-05,1.204819,0.09749613147490124,spam
3086,demanding,0.0001,8.3e-05,1.204819,0.09749613147490124,spam
3076,lauer,0.0001,8.3e-05,1.204819,0.09749613147490124,spam
3063,guru,0.0001,8.3e-05,1.204819,0.09749613147490124,spam
3062,kinda,0.0001,8.3e-05,1.204819,0.09749613147490124,spam
3057,packed,0.0001,8.3e-05,1.204819,0.09749613147490124,spam
3053,driven,0.0001,8.3e-05,1.204819,0.09749613147490124,spam
2682,winning,0.0001,8.3e-05,1.204819,0.09749613147490124,spam
2662,rosie,0.0001,8.3e-05,1.204819,0.09749613147490124,spam
2660,requirement,0.0001,8.3e-05,1.204819,0.09749613147490124,spam
2244,entitled,0.0001,8.3e-05,1.204819,0.09749613147490124,spam
2227,picture,0.0001,8.3e-05,1.204819,0.09749613147490124,spam
2212,academy,0.0001,8.3e-05,1.204819,0.09749613147490124,spam
2193,distance,0.0001,8.3e-05,1.204819,0.09749613147490124,spam
2191,tek,0.0001,8.3e-05,1.204819,0.09749613147490124,spam
2160,complain,0.0001,8.3e-05,1.204819,0.09749613147490124,spam
2115,behind,0.0001,8.3e-05,1.204819,0.09749613147490124,spam
2106,sandler,0.0001,8.3e-05,1.204819,0.09749613147490124,spam
2077,radar,0.0001,8.3e-05,1.204819,0.09749613147490124,spam
2073,timcarvell,0.0001,8.3e-05,1.204819,0.09749613147490124,spam
2065,mama,0.0001,8.3e-05,1.204819,0.09749613147490124,spam
2042,spam,0.0001,8.3e-05,1.204819,0.09749613147490124,spam
2033,kudos,0.0001,8.3e-05,1.204819,0.09749613147490124,spam
2023,related,0.0001,8.3e-05,1.204819,0.09749613147490124,spam
2014,films,0.0001,8.3e-05,1.204819,0.09749613147490124,spam
2011,magical,0.0001,8.3e-05,1.204819,0.09749613147490124,spam
1981,influenced,0.0001,8.3e-05,1.204819,0.09749613147490124,spam
1979,editors,0.0001,8.3e-05,1.204819,0.09749613147490124,spam
1955,elder,0.0001,8.3e-05,1.204819,0.09749613147490124,spam
1953,lorne,0.0001,8.3e-05,1.204819,0.09749613147490124,spam
1951,pulled,0.0001,8.3e-05,1.204819,0.09749613147490124,spam
1933,michaels,0.0001,8.3e-05,1.204819,0.09749613147490124,spam
1925,invisible,0.0001,8.3e-05,1.204819,0.09749613147490124,spam
1920,struggle,0.0001,8.3e-05,1.204819,0.09749613147490124,spam
1918,eyes,0.0001,8.3e-05,1.204819,0.09749613147490124,spam
1906,grant,0.0001,8.3e-05,1.204819,0.09749613147490124,spam
2235,persists,0.0001,8.3e-05,1.204819,0.09749613147490124,spam
2247,sustainable,0.0001,8.3e-05,1.204819,0.09749613147490124,spam
2650,forever,0.0001,8.3e-05,1.204819,0.09749613147490124,spam
2255,steveportigal,0.0001,8.3e-05,1.204819,0.09749613147490124,spam
2647,council,0.0001,8.3e-05,1.204819,0.09749613147490124,spam
2626,gehreg,0.0001,8.3e-05,1.204819,0.09749613147490124,spam
2625,orders,0.0001,8.3e-05,1.204819,0.09749613147490124,spam
2623,passed,0.0001,8.3e-05,1.204819,0.09749613147490124,spam
2609,barbrastreisand,0.0001,8.3e-05,1.204819,0.09749613147490124,spam
2598,verdict,0.0001,8.3e-05,1.204819,0.09749613147490124,spam
2588,pilot,0.0001,8.3e-05,1.204819,0.09749613147490124,spam
2570,kale,0.0001,8.3e-05,1.204819,0.09749613147490124,spam
2556,simongdunham,0.0001,8.3e-05,1.204819,0.09749613147490124,spam
2544,enterpriseux,0.0001,8.3e-05,1.204819,0.09749613147490124,spam
2533,bowl,0.0001,8.3e-05,1.204819,0.09749613147490124,spam
2527,julie,0.0001,8.3e-05,1.204819,0.09749613147490124,spam
2501,rabbittest,0.0001,8.3e-05,1.204819,0.09749613147490124,spam
2486,bets,0.0001,8.3e-05,1.204819,0.09749613147490124,spam
2464,desert,0.0001,8.3e-05,1.204819,0.09749613147490124,spam
2452,fentons,0.0001,8.3e-05,1.204819,0.09749613147490124,spam
2441,californians,0.0001,8.3e-05,1.204819,0.09749613147490124,spam
2390,iconic,0.0001,8.3e-05,1.204819,0.09749613147490124,spam
2369,jesse,0.0001,8.3e-05,1.204819,0.09749613147490124,spam
2367,shared,0.0001,8.3e-05,1.204819,0.09749613147490124,spam
2317,rodbegbie,0.0001,8.3e-05,1.204819,0.09749613147490124,spam
1293,simpsons,0.0001,8.3e-05,1.204819,0.09749613147490124,spam
2304,speaks,0.0001,8.3e-05,1.204819,0.09749613147490124,spam
2293,witness,0.0001,8.3e-05,1.204819,0.09749613147490124,spam
2276,hotdogsladies,0.0001,8.3e-05,1.204819,0.09749613147490124,spam
1294,debate,0.0001,8.3e-05,1.204819,0.09749613147490124,spam
3348,samhita,0.0001,8.3e-05,1.204819,0.09749613147490124,spam
605,timer,0.0001,8.3e-05,1.204819,0.09749613147490124,spam
262,joined,0.0001,8.3e-05,1.204819,0.09749613147490124,spam
1117,cards,0.0001,8.3e-05,1.204819,0.09749613147490124,spam
1116,managed,0.0001,8.3e-05,1.204819,0.09749613147490124,spam
1115,french,0.0001,8.3e-05,1.204819,0.09749613147490124,spam
797,talked,0.0001,8.3e-05,1.204819,0.09749613147490124,spam
209,kottke,0.0001,8.3e-05,1.204819,0.09749613147490124,spam
526,delta,0.0001,8.3e-05,1.204819,0.09749613147490124,spam
1097,seth,0.0001,8.3e-05,1.204819,0.09749613147490124,spam
1083,saturday,0.0001,8.3e-05,1.204819,0.09749613147490124,spam
1075,prominent,0.0001,8.3e-05,1.204819,0.09749613147490124,spam
217,transgender,0.0001,8.3e-05,1.204819,0.09749613147490124,spam
519,sexually,0.0001,8.3e-05,1.204819,0.09749613147490124,spam
224,joanrivers,0.0001,8.3e-05,1.204819,0.09749613147490124,spam
507,stevie,0.0001,8.3e-05,1.204819,0.09749613147490124,spam
229,historically,0.0001,8.3e-05,1.204819,0.09749613147490124,spam
488,club,0.0001,8.3e-05,1.204819,0.09749613147490124,spam
487,leaves,0.0001,8.3e-05,1.204819,0.09749613147490124,spam
807,barsoomcore,0.0001,8.3e-05,1.204819,0.09749613147490124,spam
537,waxpancake,0.0001,8.3e-05,1.204819,0.09749613147490124,spam
196,lazy,0.0001,8.3e-05,1.204819,0.09749613147490124,spam
194,shades,0.0001,8.3e-05,1.204819,0.09749613147490124,spam
148,toddlers,0.0001,8.3e-05,1.204819,0.09749613147490124,spam
122,outrage,0.0001,8.3e-05,1.204819,0.09749613147490124,spam
141,packaging,0.0001,8.3e-05,1.204819,0.09749613147490124,spam
1180,patriarchal,0.0001,8.3e-05,1.204819,0.09749613147490124,spam
143,zay,0.0001,8.3e-05,1.204819,0.09749613147490124,spam
740,frum,0.0001,8.3e-05,1.204819,0.09749613147490124,spam
1174,giuliani,0.0001,8.3e-05,1.204819,0.09749613147490124,spam
1170,kurt,0.0001,8.3e-05,1.204819,0.09749613147490124,spam
743,owning,0.0001,8.3e-05,1.204819,0.09749613147490124,spam
543,assign,0.0001,8.3e-05,1.204819,0.09749613147490124,spam
156,tix,0.0001,8.3e-05,1.204819,0.09749613147490124,spam
545,ambassador,0.0001,8.3e-05,1.204819,0.09749613147490124,spam
168,couples,0.0001,8.3e-05,1.204819,0.09749613147490124,spam
174,voter,0.0001,8.3e-05,1.204819,0.09749613147490124,spam
1153,medium,0.0001,8.3e-05,1.204819,0.09749613147490124,spam
175,backed,0.0001,8.3e-05,1.204819,0.09749613147490124,spam
1151,virtual,0.0001,8.3e-05,1.204819,0.09749613147490124,spam
256,gaza,0.0001,8.3e-05,1.204819,0.09749613147490124,spam
264,continued,0.0001,8.3e-05,1.204819,0.09749613147490124,spam
92,taix,0.0001,8.3e-05,1.204819,0.09749613147490124,spam
1041,doomed,0.0001,8.3e-05,1.204819,0.09749613147490124,spam
365,haight,0.0001,8.3e-05,1.204819,0.09749613147490124,spam
428,netneutrality,0.0001,8.3e-05,1.204819,0.09749613147490124,spam
958,generates,0.0001,8.3e-05,1.204819,0.09749613147490124,spam
950,wake,0.0001,8.3e-05,1.204819,0.09749613147490124,spam
418,sister,0.0001,8.3e-05,1.204819,0.09749613147490124,spam
931,sophiaphotos,0.0001,8.3e-05,1.204819,0.09749613147490124,spam
923,recognition,0.0001,8.3e-05,1.204819,0.09749613147490124,spam
873,interviewed,0.0001,8.3e-05,1.204819,0.09749613147490124,spam
377,barry,0.0001,8.3e-05,1.204819,0.09749613147490124,spam
902,thinks,0.0001,8.3e-05,1.204819,0.09749613147490124,spam
896,played,0.0001,8.3e-05,1.204819,0.09749613147490124,spam
875,dramatic,0.0001,8.3e-05,1.204819,0.09749613147490124,spam
405,required,0.0001,8.3e-05,1.204819,0.09749613147490124,spam
383,wages,0.0001,8.3e-05,1.204819,0.09749613147490124,spam
389,consistent,0.0001,8.3e-05,1.204819,0.09749613147490124,spam
881,included,0.0001,8.3e-05,1.204819,0.09749613147490124,spam
398,talented,0.0001,8.3e-05,1.204819,0.09749613147490124,spam
360,hired,0.0001,8.3e-05,1.204819,0.09749613147490124,spam
870,evangelical,0.0001,8.3e-05,1.204819,0.09749613147490124,spam
863,hearing,0.0001,8.3e-05,1.204819,0.09749613147490124,spam
461,suits,0.0001,8.3e-05,1.204819,0.09749613147490124,spam
814,equally,0.0001,8.3e-05,1.204819,0.09749613147490124,spam
1027,daddy,0.0001,8.3e-05,1.204819,0.09749613147490124,spam
819,generation,0.0001,8.3e-05,1.204819,0.09749613147490124,spam
1026,globe,0.0001,8.3e-05,1.204819,0.09749613147490124,spam
286,baseball,0.0001,8.3e-05,1.204819,0.09749613147490124,spam
477,tries,0.0001,8.3e-05,1.204819,0.09749613147490124,spam
297,osx,0.0001,8.3e-05,1.204819,0.09749613147490124,spam
460,safety,0.0001,8.3e-05,1.204819,0.09749613147490124,spam
355,nerds,0.0001,8.3e-05,1.204819,0.09749613147490124,spam
322,jillsobule,0.0001,8.3e-05,1.204819,0.09749613147490124,spam
454,equalpaynow,0.0001,8.3e-05,1.204819,0.09749613147490124,spam
855,victim,0.0001,8.3e-05,1.204819,0.09749613147490124,spam
448,useful,0.0001,8.3e-05,1.204819,0.09749613147490124,spam
856,unaware,0.0001,8.3e-05,1.204819,0.09749613147490124,spam
860,droves,0.0001,8.3e-05,1.204819,0.09749613147490124,spam
983,lepore,0.0001,8.3e-05,1.204819,0.09749613147490124,spam
727,accused,0.0001,8.3e-05,1.204819,0.09749613147490124,spam
201,fixing,0.0001,8.3e-05,1.204819,0.09749613147490124,spam
83,rally,0.0001,8.3e-05,1.204819,0.09749613147490124,spam
601,officially,0.0001,8.3e-05,1.204819,0.09749613147490124,spam
70,ios,0.0001,8.3e-05,1.204819,0.09749613147490124,spam
68,believes,0.0001,8.3e-05,1.204819,0.09749613147490124,spam
707,wkamaubell,0.0001,8.3e-05,1.204819,0.09749613147490124,spam
586,announced,0.0001,8.3e-05,1.204819,0.09749613147490124,spam
682,charged,0.0001,8.3e-05,1.204819,0.09749613147490124,spam
1236,remake,0.0001,8.3e-05,1.204819,0.09749613147490124,spam
1247,imagination,0.0001,8.3e-05,1.204819,0.09749613147490124,spam
589,fraying,0.0001,8.3e-05,1.204819,0.09749613147490124,spam
30,fines,0.0001,8.3e-05,1.204819,0.09749613147490124,spam
29,faq,0.0001,8.3e-05,1.204819,0.09749613147490124,spam
672,victoria,0.0001,8.3e-05,1.204819,0.09749613147490124,spam
1259,introduced,0.0001,8.3e-05,1.204819,0.09749613147490124,spam
719,cracking,0.0001,8.3e-05,1.204819,0.09749613147490124,spam
23,mathowie,0.0001,8.3e-05,1.204819,0.09749613147490124,spam
1261,cents,0.0001,8.3e-05,1.204819,0.09749613147490124,spam
653,input,0.0001,8.3e-05,1.204819,0.09749613147490124,spam
1268,funded,0.0001,8.3e-05,1.204819,0.09749613147490124,spam
13,satire,0.0001,8.3e-05,1.204819,0.09749613147490124,spam
1270,larrybobsf,0.0001,8.3e-05,1.204819,0.09749613147490124,spam
7,percent,0.0001,8.3e-05,1.204819,0.09749613147490124,spam
1278,stir,0.0001,8.3e-05,1.204819,0.09749613147490124,spam
4,xpr,0.0001,8.3e-05,1.204819,0.09749613147490124,spam
637,spirituality,0.0001,8.3e-05,1.204819,0.09749613147490124,spam
635,nominated,0.0001,8.3e-05,1.204819,0.09749613147490124,spam
71,tweeting,0.0001,8.3e-05,1.204819,0.09749613147490124,spam
882,crew,0.0001,8.3e-05,1.204819,0.09749613147490124,spam
1218,spacekatgal,0.0001,8.3e-05,1.204819,0.09749613147490124,spam
1210,feudal,0.0001,8.3e-05,1.204819,0.09749613147490124,spam
720,viewers,0.0001,8.3e-05,1.204819,0.09749613147490124,spam
1217,instagram,0.0001,8.3e-05,1.204819,0.09749613147490124,spam
80,tempted,0.0001,8.3e-05,1.204819,0.09749613147490124,spam
78,thebreakfastclub,0.0001,8.3e-05,1.204819,0.09749613147490124,spam
1923,week,0.0010949999999999998,0.000909,1.20462,0.09739361057103334,spam
2113,book,0.001991,0.0016530000000000002,1.204477,0.09731994858652453,spam
3116,kleiner,0.000796,0.000661,1.204236,0.09719582164688442,spam
1347,ala,0.000796,0.000661,1.204236,0.09719582164688442,spam
2907,morningjewshow,0.003085,0.002562,1.204137,0.09714483781153498,spam
2228,outs,0.000697,0.000579,1.2038,0.09697131327468264,spam
1279,ago,0.000697,0.000579,1.2038,0.09697131327468264,spam
34,cool,0.000697,0.000579,1.2038,0.09697131327468264,spam
2421,family,0.000597,0.000496,1.203629,0.0968832794011923,spam
2789,joan,0.000597,0.000496,1.203629,0.0968832794011923,spam
1542,kathy,0.000597,0.000496,1.203629,0.0968832794011923,spam
2719,blog,0.000597,0.000496,1.203629,0.0968832794011923,spam
1754,thu,0.000995,0.0008269999999999999,1.203144,0.09663365008836183,spam
986,treat,0.000398,0.000331,1.202417,0.09625962250764424,spam
2052,gov,0.000398,0.000331,1.202417,0.09625962250764424,spam
2439,area,0.000398,0.000331,1.202417,0.09625962250764424,spam
2748,conversation,0.000398,0.000331,1.202417,0.09625962250764424,spam
1715,plain,0.000398,0.000331,1.202417,0.09625962250764424,spam
230,adam,0.000398,0.000331,1.202417,0.09625962250764424,spam
804,actor,0.000398,0.000331,1.202417,0.09625962250764424,spam
2917,pick,0.000398,0.000331,1.202417,0.09625962250764424,spam
36,amp,0.0024879999999999998,0.002149,1.157748,0.07364902691793866,spam
2983,back,0.001393,0.00124,1.1233870000000001,0.056764064168322824,spam
1384,ico,0.001393,0.00124,1.1233870000000001,0.056764064168322824,spam
2175,cla,0.001194,0.001074,1.111732,0.05113979044011452,spam
3194,show,0.005872,0.005372,1.093075,0.042247306726812116,spam
41,bad,0.000796,0.0007440000000000001,1.069892,0.031390567238326304,spam
281,rts,0.000796,0.0007440000000000001,1.069892,0.031390567238326304,spam
1161,dive,0.000796,0.0007440000000000001,1.069892,0.031390567238326304,spam
2659,design,0.000796,0.0007440000000000001,1.069892,0.031390567238326304,spam
3111,anti,0.001493,0.001405,1.062633,0.028035763922457768,spam
3206,things,0.000697,0.000661,1.054463,0.024285701570092737,spam
1648,comic,0.000697,0.000661,1.054463,0.024285701570092737,spam
1087,old,0.0024879999999999998,0.002397,1.0379639999999999,0.016796635510960202,spam
1392,sign,0.001194,0.001157,1.031979,0.014108040239540818,spam
2738,present,0.000597,0.000579,1.031088,0.01370907021523801,spam
285,please,0.000597,0.000579,1.031088,0.01370907021523801,spam
410,podcast,0.000597,0.000579,1.031088,0.01370907021523801,spam
2675,came,0.000597,0.000579,1.031088,0.01370907021523801,spam
2087,jews,0.0033840000000000003,0.0033060000000000003,1.023593,0.010366240794506423,spam
1752,join,0.0004980000000000001,0.000496,1.004032,0.0017546007839378695,spam
566,trans,0.0004980000000000001,0.000496,1.004032,0.0017546007839378695,spam
182,ends,0.0004980000000000001,0.000496,1.004032,0.0017546007839378695,spam
1804,reed,0.0004980000000000001,0.000496,1.004032,0.0017546007839378695,spam
1807,wins,0.0004980000000000001,0.000496,1.004032,0.0017546007839378695,spam
1380,learn,0.0004980000000000001,0.000496,1.004032,0.0017546007839378695,spam
3217,house,0.0004980000000000001,0.000496,1.004032,0.0017546007839378695,spam
2645,dust,0.0004980000000000001,0.000496,1.004032,0.0017546007839378695,spam
255,abt,0.0004980000000000001,0.000496,1.004032,0.0017546007839378695,spam
282,first,0.001493,0.0014880000000000002,1.00336,0.0014616782236037105,spam
1233,play,0.000995,0.000992,1.003024,0.0013152902341392126,spam
1182,pal,0.000398,0.000413,0.96368,-0.01548359513391344,spam
3038,tanehisicoates,0.000398,0.000413,0.96368,-0.01548359513391344,spam
1275,email,0.000398,0.000413,0.96368,-0.01548359513391344,spam
721,street,0.000398,0.000413,0.96368,-0.01548359513391344,spam
691,rich,0.000398,0.000413,0.96368,-0.01548359513391344,spam
2768,industry,0.000398,0.000413,0.96368,-0.01548359513391344,spam
2765,enjoy,0.000398,0.000413,0.96368,-0.01548359513391344,spam
1984,prod,0.000398,0.000413,0.96368,-0.01548359513391344,spam
1483,style,0.000398,0.000413,0.96368,-0.01548359513391344,spam
1013,tim,0.004379,0.004546,0.9632639999999999,-0.015657538701707958,spam
3190,hell,0.001194,0.00124,0.9629030000000001,-0.0158084216919587,spam
3272,female,0.000796,0.0008269999999999999,0.962515,-0.01597052402216921,spam
1611,piece,0.001493,0.00157,0.9509549999999999,-0.02076888930508012,spam
8,list,0.0010949999999999998,0.001157,0.946413,-0.02263753915639939,spam
3256,jew,0.0045780000000000005,0.004876,0.938884,-0.0257142131188473,spam
1871,job,0.000697,0.0007440000000000001,0.9368280000000001,-0.026549834342239502,spam
1220,mac,0.000697,0.0007440000000000001,0.9368280000000001,-0.026549834342239502,spam
971,owe,0.001393,0.0014880000000000002,0.936156,-0.026822530964038818,spam
1366,equal,0.0016920000000000001,0.001818,0.930693,-0.02903162097924106,spam
1914,era,0.002986,0.0032229999999999997,0.926466,-0.030731353469569636,spam
1532,fri,0.001294,0.001405,0.9209959999999999,-0.03291847480137815,spam
2075,las,0.002588,0.00281,0.9209959999999999,-0.03291847480137815,spam
2605,billion,0.000299,0.000331,0.903323,-0.03988797212056736,spam
1351,discuss,0.000299,0.000331,0.903323,-0.03988797212056736,spam
3025,fellow,0.000299,0.000331,0.903323,-0.03988797212056736,spam
1295,americans,0.000299,0.000331,0.903323,-0.03988797212056736,spam
921,stewart,0.000299,0.000331,0.903323,-0.03988797212056736,spam
1361,ford,0.000299,0.000331,0.903323,-0.03988797212056736,spam
1369,born,0.000299,0.000331,0.903323,-0.03988797212056736,spam
681,hour,0.000299,0.000331,0.903323,-0.03988797212056736,spam
1945,american,0.0008960000000000001,0.000992,0.903226,-0.03992581320104199,spam
2703,great,0.00209,0.002314,0.903198,-0.03993673555810556,spam
2470,lack,0.000597,0.000661,0.903177,-0.03994492707851125,spam
857,quality,0.001194,0.001322,0.903177,-0.03994492707851125,spam
2229,acker,0.000597,0.000661,0.903177,-0.03994492707851125,spam
2128,another,0.000597,0.000661,0.903177,-0.03994492707851125,spam
300,comedy,0.001194,0.001322,0.903177,-0.03994492707851125,spam
1960,friend,0.000597,0.000661,0.903177,-0.03994492707851125,spam
677,tea,0.0010949999999999998,0.00124,0.883065,-0.04769198111496475,spam
1122,age,0.004081,0.004628,0.881806,-0.048170372682126636,spam
1159,ers,0.007764,0.008844,0.877883,-0.0496560129614674,spam
979,two,0.000796,0.000909,0.8756879999999999,-0.05048394002325893,spam
2616,time,0.003285,0.0038020000000000003,0.8640190000000001,-0.05484508105124427,spam
1022,shows,0.0004980000000000001,0.000579,0.8601040000000001,-0.05629297473458928,spam
1301,must,0.0004980000000000001,0.000579,0.8601040000000001,-0.05629297473458928,spam
2031,days,0.0004980000000000001,0.000579,0.8601040000000001,-0.05629297473458928,spam
2521,number,0.0004980000000000001,0.000579,0.8601040000000001,-0.05629297473458928,spam
810,full,0.0004980000000000001,0.000579,0.8601040000000001,-0.05629297473458928,spam
3069,since,0.0004980000000000001,0.000579,0.8601040000000001,-0.05629297473458928,spam
1943,suit,0.0004980000000000001,0.000579,0.8601040000000001,-0.05629297473458928,spam
2513,ration,0.0004980000000000001,0.000579,0.8601040000000001,-0.05629297473458928,spam
1550,pop,0.0004980000000000001,0.000579,0.8601040000000001,-0.05629297473458928,spam
649,super,0.0004980000000000001,0.000579,0.8601040000000001,-0.05629297473458928,spam
1343,wal,0.000995,0.001157,0.8599829999999999,-0.056337601337423174,spam
2858,years,0.000995,0.001157,0.8599829999999999,-0.056337601337423174,spam
1074,fran,0.001194,0.001405,0.849822,-0.06005864603461478,spam
2277,help,0.001194,0.001405,0.849822,-0.06005864603461478,spam
987,abe,0.000697,0.0008269999999999999,0.8428049999999999,-0.06259756859680103,spam
3302,kill,0.000697,0.0008269999999999999,0.8428049999999999,-0.06259756859680103,spam
2793,doc,0.000697,0.0008269999999999999,0.8428049999999999,-0.06259756859680103,spam
3149,media,0.000697,0.0008269999999999999,0.8428049999999999,-0.06259756859680103,spam
2602,nje,0.0001,0.002066,0.048402999999999995,-0.06365612703650203,spam
2499,war,0.002886,0.003471,0.831461,-0.06664834788403579,spam
2580,equality,0.0010949999999999998,0.001322,0.82829,-0.06776868489161843,spam
3035,inv,0.0010949999999999998,0.001322,0.82829,-0.06776868489161843,spam
2471,year,0.001294,0.00157,0.824204,-0.06920452136999725,spam
2783,last,0.001294,0.00157,0.824204,-0.06920452136999725,spam
2512,hit,0.001294,0.00157,0.824204,-0.06920452136999725,spam
2392,gen,0.002588,0.003141,0.823941,-0.06929663972413543,spam
74,eric,0.001593,0.001984,0.8029229999999999,-0.0765395193099409,spam
2728,bar,0.001194,0.0014880000000000002,0.802419,-0.07671029066175074,spam
1798,tweeted,0.000199,0.000248,0.802419,-0.07671029066175074,spam
968,worse,0.000199,0.000248,0.802419,-0.07671029066175074,spam
426,stories,0.000199,0.000248,0.802419,-0.07671029066175074,spam
1664,least,0.000199,0.000248,0.802419,-0.07671029066175074,spam
874,children,0.000199,0.000248,0.802419,-0.07671029066175074,spam
960,square,0.000199,0.000248,0.802419,-0.07671029066175074,spam
619,rule,0.000199,0.000248,0.802419,-0.07671029066175074,spam
2945,queer,0.000398,0.000496,0.802419,-0.07671029066175074,spam
2709,deep,0.000199,0.000248,0.802419,-0.07671029066175074,spam
767,bibi,0.000199,0.000248,0.802419,-0.07671029066175074,spam
2123,damn,0.000199,0.000248,0.802419,-0.07671029066175074,spam
1234,single,0.000199,0.000248,0.802419,-0.07671029066175074,spam
541,thinking,0.000398,0.000496,0.802419,-0.07671029066175074,spam
2434,employees,0.000199,0.000248,0.802419,-0.07671029066175074,spam
3046,top,0.000398,0.000496,0.802419,-0.07671029066175074,spam
1724,emilynussbaum,0.000597,0.0007440000000000001,0.802419,-0.07671029066175074,spam
2397,proud,0.000199,0.000248,0.802419,-0.07671029066175074,spam
2540,rabbi,0.000199,0.000248,0.802419,-0.07671029066175074,spam
153,couple,0.000199,0.000248,0.802419,-0.07671029066175074,spam
308,girls,0.000199,0.000248,0.802419,-0.07671029066175074,spam
1364,follow,0.000398,0.000496,0.802419,-0.07671029066175074,spam
2894,driver,0.000199,0.000248,0.802419,-0.07671029066175074,spam
3107,gotten,0.000199,0.000248,0.802419,-0.07671029066175074,spam
2834,tip,0.000199,0.000248,0.802419,-0.07671029066175074,spam
1841,internet,0.000199,0.000248,0.802419,-0.07671029066175074,spam
817,mater,0.000199,0.000248,0.802419,-0.07671029066175074,spam
313,winery,0.000199,0.000248,0.802419,-0.07671029066175074,spam
1514,ads,0.000398,0.000496,0.802419,-0.07671029066175074,spam
2884,shut,0.000199,0.000248,0.802419,-0.07671029066175074,spam
1818,yale,0.000199,0.000248,0.802419,-0.07671029066175074,spam
2352,goes,0.000199,0.000248,0.802419,-0.07671029066175074,spam
1413,books,0.000199,0.000248,0.802419,-0.07671029066175074,spam
973,freedom,0.000199,0.000248,0.802419,-0.07671029066175074,spam
1219,eat,0.006370000000000001,0.008017,0.794562,-0.07935466209340818,spam
580,son,0.0031850000000000003,0.00405,0.78642,-0.08205934893615921,spam
813,come,0.002588,0.0033060000000000003,0.7828189999999999,-0.08324390940256891,spam
1503,win,0.001991,0.002562,0.777127,-0.08510162501579382,spam
2838,read,0.0024879999999999998,0.0032229999999999997,0.7719520000000001,-0.08677489525827936,spam
1569,stand,0.000697,0.000909,0.766777,-0.0884330988064935,spam
1681,long,0.000697,0.000909,0.766777,-0.0884330988064935,spam
2898,ars,0.00428,0.00562,0.761566,-0.09008751041590422,spam
1917,male,0.001194,0.00157,0.76051,-0.09042089044959638,spam
2912,america,0.001194,0.00157,0.76051,-0.09042089044959638,spam
1779,led,0.0016920000000000001,0.002232,0.758065,-0.09119033328089583,spam
1840,fuck,0.0004980000000000001,0.000661,0.753404,-0.09264765572061212,spam
3262,listen,0.0004980000000000001,0.000661,0.753404,-0.09264765572061212,spam
375,mel,0.001493,0.001984,0.75252,-0.09292263940477513,spam
1993,fun,0.001493,0.001984,0.75252,-0.09292263940477513,spam
2424,use,0.002588,0.003471,0.745606,-0.09505776063490633,spam
2723,jewish,0.001294,0.001736,0.745392,-0.09512340332567458,spam
794,got,0.001294,0.001736,0.745392,-0.09512340332567458,spam
2451,pretty,0.0001,0.001074,0.09311,-0.09599675202577564,spam
299,said,0.0001,0.001074,0.09311,-0.09599675202577564,spam
655,word,0.0001,0.001074,0.09311,-0.09599675202577564,spam
828,talking,0.0001,0.001074,0.09311,-0.09599675202577564,spam
3347,feel,0.000199,0.002066,0.096321,-0.09788901121941744,spam
1129,big,0.0010949999999999998,0.0014880000000000002,0.735887,-0.09801195734955563,spam
3028,ppl,0.0010949999999999998,0.0014880000000000002,0.735887,-0.09801195734955563,spam
1358,per,0.00428,0.005868,0.72938,-0.0999587204873539,spam
2226,possible,0.000299,0.000413,0.723971,-0.10155780477941846,spam
480,napa,0.000299,0.000413,0.723971,-0.10155780477941846,spam
587,silicon,0.000299,0.000413,0.723971,-0.10155780477941846,spam
768,democracy,0.000299,0.000413,0.723971,-0.10155780477941846,spam
2334,guess,0.000299,0.000413,0.723971,-0.10155780477941846,spam
1212,front,0.000299,0.000413,0.723971,-0.10155780477941846,spam
3100,daily,0.000299,0.000413,0.723971,-0.10155780477941846,spam
21,walk,0.000299,0.000413,0.723971,-0.10155780477941846,spam
1712,photo,0.000299,0.000413,0.723971,-0.10155780477941846,spam
33,meryl,0.000299,0.000413,0.723971,-0.10155780477941846,spam
3230,cosby,0.000299,0.000413,0.723971,-0.10155780477941846,spam
3220,threat,0.000299,0.000413,0.723971,-0.10155780477941846,spam
2962,nyc,0.000299,0.000413,0.723971,-0.10155780477941846,spam
1710,service,0.000299,0.000413,0.723971,-0.10155780477941846,spam
2947,watch,0.001194,0.0016530000000000002,0.7223229999999999,-0.10204152734915256,spam
1950,moment,0.000597,0.0008269999999999999,0.7218859999999999,-0.10216952225732437,spam
1511,white,0.000597,0.0008269999999999999,0.7218859999999999,-0.10216952225732437,spam
1932,francisco,0.000597,0.0008269999999999999,0.7218859999999999,-0.10216952225732437,spam
1835,gay,0.001294,0.001818,0.711771,-0.10509989989017676,spam
324,pao,0.001294,0.001818,0.711771,-0.10509989989017676,spam
3292,already,0.0001,0.000909,0.11001099999999998,-0.10545257183490356,spam
3017,account,0.0001,0.000909,0.11001099999999998,-0.10545257183490356,spam
3113,gender,0.000995,0.001405,0.7081850000000001,-0.1061238424277495,spam
2393,man,0.004778,0.006776999999999999,0.705032,-0.10701763273050156,spam
343,david,0.000697,0.000992,0.702621,-0.10769695581113993,spam
970,short,0.0001,0.0008269999999999999,0.120919,-0.11094384188270576,spam
1575,joke,0.0001,0.0008269999999999999,0.120919,-0.11094384188270576,spam
2790,min,0.00428,0.0061990000000000005,0.690434,-0.11107552381640114,spam
3168,write,0.000796,0.001157,0.687986,-0.11174296079298802,spam
1942,ban,0.000796,0.001157,0.687986,-0.11174296079298802,spam
259,girl,0.000796,0.001157,0.687986,-0.11174296079298802,spam
1179,matt,0.001194,0.001736,0.6877880000000001,-0.11179677948631066,spam
151,writing,0.000398,0.000579,0.687392,-0.11190434260131084,spam
191,lesbian,0.000398,0.000579,0.687392,-0.11190434260131084,spam
208,michellequinn,0.000398,0.000579,0.687392,-0.11190434260131084,spam
2535,anil,0.000398,0.000579,0.687392,-0.11190434260131084,spam
1753,semitic,0.000398,0.000579,0.687392,-0.11190434260131084,spam
888,hey,0.000398,0.000579,0.687392,-0.11190434260131084,spam
995,anildash,0.000398,0.000579,0.687392,-0.11190434260131084,spam
358,went,0.000398,0.000579,0.687392,-0.11190434260131084,spam
100,nee,0.0016920000000000001,0.00248,0.682258,-0.11328987094813554,spam
2837,net,0.0008960000000000001,0.001322,0.677761,-0.11448970953949522,spam
2387,cars,0.001393,0.002066,0.67425,-0.11541747100701676,spam
2886,writer,0.0004980000000000001,0.0007440000000000001,0.669355,-0.11669768550187537,spam
374,huge,0.0004980000000000001,0.0007440000000000001,0.669355,-0.11669768550187537,spam
2101,movie,0.0004980000000000001,0.0007440000000000001,0.669355,-0.11669768550187537,spam
2873,member,0.0004980000000000001,0.0007440000000000001,0.669355,-0.11669768550187537,spam
2630,apple,0.0004980000000000001,0.0007440000000000001,0.669355,-0.11669768550187537,spam
3338,sexual,0.0004980000000000001,0.0007440000000000001,0.669355,-0.11669768550187537,spam
760,start,0.000995,0.0014880000000000002,0.668683,-0.11687222602106563,spam
1748,expect,0.0001,0.0007440000000000001,0.134409,-0.11714707390970415,spam
1240,asked,0.0001,0.0007440000000000001,0.134409,-0.11714707390970415,spam
2409,experience,0.0001,0.0007440000000000001,0.134409,-0.11714707390970415,spam
2631,politics,0.0001,0.0007440000000000001,0.134409,-0.11714707390970415,spam
2942,dude,0.0001,0.0007440000000000001,0.134409,-0.11714707390970415,spam
3297,talk,0.001593,0.002397,0.6645810000000001,-0.11793128019149282,spam
2112,pro,0.003882,0.005868,0.661554,-0.11870574373065418,spam
2238,art,0.0045780000000000005,0.006943,0.659369,-0.11926104354266953,spam
1176,act,0.002389,0.0036369999999999996,0.65686,-0.11989480609990792,spam
1559,chris,0.000597,0.000909,0.656766,-0.11991846930473095,spam
1743,rise,0.000597,0.000909,0.656766,-0.11991846930473095,spam
577,care,0.000199,0.001405,0.14163699999999999,-0.1202247829896906,spam
2861,star,0.001294,0.001984,0.6522180000000001,-0.12105636958385818,spam
2496,tonight,0.000697,0.001074,0.648976,-0.12185910852412453,spam
1650,end,0.0036829999999999996,0.005703,0.6458,-0.12263868532811795,spam
1539,give,0.000199,0.001322,0.15053,-0.1237924005326321,spam
3339,casey,0.0001,0.000661,0.151286,-0.12408496777652105,spam
1689,saying,0.0001,0.000661,0.151286,-0.12408496777652105,spam
781,reading,0.0001,0.000661,0.151286,-0.12408496777652105,spam
378,forward,0.0001,0.000661,0.151286,-0.12408496777652105,spam
97,amazing,0.0001,0.000661,0.151286,-0.12408496777652105,spam
1335,body,0.0001,0.000661,0.151286,-0.12408496777652105,spam
2358,advice,0.0001,0.000661,0.151286,-0.12408496777652105,spam
617,til,0.000995,0.00157,0.633758,-0.12553259530707986,spam
573,everyone,0.000199,0.00124,0.160484,-0.12751549256902056,spam
1415,seems,0.000199,0.00124,0.160484,-0.12751549256902056,spam
812,ellen,0.001393,0.002232,0.624104,-0.1277809464510461,spam
2585,wish,0.001493,0.002397,0.622862,-0.1280655122819845,spam
1694,sara,0.0016920000000000001,0.002727,0.620462,-0.1286123487623668,spam
628,really,0.000398,0.002314,0.171997,-0.1314881165893256,spam
2747,problem,0.000299,0.001736,0.172235,-0.13156662905468536,spam
550,making,0.000299,0.001736,0.172235,-0.13156662905468536,spam
60,normmacdonald,0.0001,0.000579,0.17271199999999998,-0.1317235540792096,spam
271,biz,0.0001,0.000579,0.17271199999999998,-0.1317235540792096,spam
2092,speech,0.0001,0.000579,0.17271199999999998,-0.1317235540792096,spam
2608,large,0.0001,0.000579,0.17271199999999998,-0.1317235540792096,spam
167,god,0.0001,0.000579,0.17271199999999998,-0.1317235540792096,spam
2836,statement,0.0001,0.000579,0.17271199999999998,-0.1317235540792096,spam
14,critique,0.0001,0.000579,0.17271199999999998,-0.1317235540792096,spam
2371,bruce,0.0001,0.000579,0.17271199999999998,-0.1317235540792096,spam
3212,bless,0.0001,0.000165,0.606061,-0.13180836562846365,spam
96,economy,0.0001,0.000165,0.606061,-0.13180836562846365,spam
611,netanyahu,0.0001,0.000165,0.606061,-0.13180836562846365,spam
3188,neighborhood,0.0001,0.000165,0.606061,-0.13180836562846365,spam
3298,investigator,0.0001,0.000165,0.606061,-0.13180836562846365,spam
2389,deceased,0.0001,0.000165,0.606061,-0.13180836562846365,spam
2721,data,0.0001,0.000165,0.606061,-0.13180836562846365,spam
24,confident,0.0001,0.000165,0.606061,-0.13180836562846365,spam
32,dangerous,0.0001,0.000165,0.606061,-0.13180836562846365,spam
2417,meaningful,0.0001,0.000165,0.606061,-0.13180836562846365,spam
45,user,0.0001,0.000165,0.606061,-0.13180836562846365,spam
3280,representation,0.0001,0.000165,0.606061,-0.13180836562846365,spam
380,desperate,0.0001,0.000165,0.606061,-0.13180836562846365,spam
2735,tax,0.0001,0.000165,0.606061,-0.13180836562846365,spam
2745,audio,0.0001,0.000165,0.606061,-0.13180836562846365,spam
623,somehow,0.0001,0.000165,0.606061,-0.13180836562846365,spam
3234,stores,0.0001,0.000165,0.606061,-0.13180836562846365,spam
2406,developer,0.0001,0.000165,0.606061,-0.13180836562846365,spam
2399,transit,0.0001,0.000165,0.606061,-0.13180836562846365,spam
3233,makers,0.0001,0.000165,0.606061,-0.13180836562846365,spam
3324,bart,0.0001,0.000165,0.606061,-0.13180836562846365,spam
2619,inside,0.0001,0.000165,0.606061,-0.13180836562846365,spam
444,worry,0.0001,0.000165,0.606061,-0.13180836562846365,spam
2522,illus,0.0001,0.000165,0.606061,-0.13180836562846365,spam
3000,workshop,0.0001,0.000165,0.606061,-0.13180836562846365,spam
2997,apparently,0.0001,0.000165,0.606061,-0.13180836562846365,spam
2990,guessing,0.0001,0.000165,0.606061,-0.13180836562846365,spam
2964,tesla,0.0001,0.000165,0.606061,-0.13180836562846365,spam
517,taping,0.0001,0.000165,0.606061,-0.13180836562846365,spam
514,missed,0.0001,0.000165,0.606061,-0.13180836562846365,spam
509,chrisgeidner,0.0001,0.000165,0.606061,-0.13180836562846365,spam
2635,possibility,0.0001,0.000165,0.606061,-0.13180836562846365,spam
222,goal,0.0001,0.000165,0.606061,-0.13180836562846365,spam
2328,meal,0.0001,0.000165,0.606061,-0.13180836562846365,spam
233,hosted,0.0001,0.000165,0.606061,-0.13180836562846365,spam
2944,moving,0.0001,0.000165,0.606061,-0.13180836562846365,spam
2581,pov,0.0001,0.000165,0.606061,-0.13180836562846365,spam
486,organizing,0.0001,0.000165,0.606061,-0.13180836562846365,spam
2597,cameronesposito,0.0001,0.000165,0.606061,-0.13180836562846365,spam
464,threatening,0.0001,0.000165,0.606061,-0.13180836562846365,spam
2923,along,0.0001,0.000165,0.606061,-0.13180836562846365,spam
3010,hello,0.0001,0.000165,0.606061,-0.13180836562846365,spam
2830,lenovo,0.0001,0.000165,0.606061,-0.13180836562846365,spam
105,diverse,0.0001,0.000165,0.606061,-0.13180836562846365,spam
392,blacklivesmatter,0.0001,0.000165,0.606061,-0.13180836562846365,spam
579,interviewing,0.0001,0.000165,0.606061,-0.13180836562846365,spam
117,reach,0.0001,0.000165,0.606061,-0.13180836562846365,spam
3130,sxsw,0.0001,0.000165,0.606061,-0.13180836562846365,spam
578,costs,0.0001,0.000165,0.606061,-0.13180836562846365,spam
2770,dating,0.0001,0.000165,0.606061,-0.13180836562846365,spam
2796,popular,0.0001,0.000165,0.606061,-0.13180836562846365,spam
3098,double,0.0001,0.000165,0.606061,-0.13180836562846365,spam
350,theatre,0.0001,0.000165,0.606061,-0.13180836562846365,spam
287,cue,0.0001,0.000165,0.606061,-0.13180836562846365,spam
2475,responsibility,0.0001,0.000165,0.606061,-0.13180836562846365,spam
546,placement,0.0001,0.000165,0.606061,-0.13180836562846365,spam
160,facing,0.0001,0.000165,0.606061,-0.13180836562846365,spam
2826,moved,0.0001,0.000165,0.606061,-0.13180836562846365,spam
3052,showing,0.0001,0.000165,0.606061,-0.13180836562846365,spam
3042,stake,0.0001,0.000165,0.606061,-0.13180836562846365,spam
3029,waiting,0.0001,0.000165,0.606061,-0.13180836562846365,spam
3024,candidate,0.0001,0.000165,0.606061,-0.13180836562846365,spam
2805,harassment,0.0001,0.000165,0.606061,-0.13180836562846365,spam
1291,discussion,0.0001,0.000165,0.606061,-0.13180836562846365,spam
2099,swish,0.0001,0.000165,0.606061,-0.13180836562846365,spam
2004,dates,0.0001,0.000165,0.606061,-0.13180836562846365,spam
1078,turned,0.0001,0.000165,0.606061,-0.13180836562846365,spam
1482,successful,0.0001,0.000165,0.606061,-0.13180836562846365,spam
837,organized,0.0001,0.000165,0.606061,-0.13180836562846365,spam
2208,billionaires,0.0001,0.000165,0.606061,-0.13180836562846365,spam
1604,comes,0.0001,0.000165,0.606061,-0.13180836562846365,spam
1755,congratulations,0.0001,0.000165,0.606061,-0.13180836562846365,spam
730,residence,0.0001,0.000165,0.606061,-0.13180836562846365,spam
1054,reflects,0.0001,0.000165,0.606061,-0.13180836562846365,spam
729,neck,0.0001,0.000165,0.606061,-0.13180836562846365,spam
1353,alice,0.0001,0.000165,0.606061,-0.13180836562846365,spam
2223,fact,0.0001,0.000165,0.606061,-0.13180836562846365,spam
1998,numbers,0.0001,0.000165,0.606061,-0.13180836562846365,spam
1995,currently,0.0001,0.000165,0.606061,-0.13180836562846365,spam
1934,missing,0.0001,0.000165,0.606061,-0.13180836562846365,spam
1493,similar,0.0001,0.000165,0.606061,-0.13180836562846365,spam
1673,ryanghinds,0.0001,0.000165,0.606061,-0.13180836562846365,spam
1578,capitalism,0.0001,0.000165,0.606061,-0.13180836562846365,spam
965,dooce,0.0001,0.000165,0.606061,-0.13180836562846365,spam
758,yrs,0.0001,0.000165,0.606061,-0.13180836562846365,spam
822,dying,0.0001,0.000165,0.606061,-0.13180836562846365,spam
1565,meeting,0.0001,0.000165,0.606061,-0.13180836562846365,spam
1387,soul,0.0001,0.000165,0.606061,-0.13180836562846365,spam
1858,digital,0.0001,0.000165,0.606061,-0.13180836562846365,spam
1052,queers,0.0001,0.000165,0.606061,-0.13180836562846365,spam
1228,bmw,0.0001,0.000165,0.606061,-0.13180836562846365,spam
2127,sean,0.0001,0.000165,0.606061,-0.13180836562846365,spam
1780,liberation,0.0001,0.000165,0.606061,-0.13180836562846365,spam
1531,jobs,0.0001,0.000165,0.606061,-0.13180836562846365,spam
1526,revolution,0.0001,0.000165,0.606061,-0.13180836562846365,spam
2053,ashedryden,0.0001,0.000165,0.606061,-0.13180836562846365,spam
1513,rape,0.0001,0.000165,0.606061,-0.13180836562846365,spam
1762,massive,0.0001,0.000165,0.606061,-0.13180836562846365,spam
2082,ssy,0.0001,0.000165,0.606061,-0.13180836562846365,spam
998,totally,0.0001,0.000165,0.606061,-0.13180836562846365,spam
2260,harold,0.0001,0.000165,0.606061,-0.13180836562846365,spam
1302,knowing,0.0001,0.000165,0.606061,-0.13180836562846365,spam
906,ericajoy,0.0001,0.000165,0.606061,-0.13180836562846365,spam
901,mye,0.0001,0.000165,0.606061,-0.13180836562846365,spam
806,schlomo,0.0001,0.000165,0.606061,-0.13180836562846365,spam
1195,journalist,0.0001,0.000165,0.606061,-0.13180836562846365,spam
1113,kevinlferguson,0.0001,0.000165,0.606061,-0.13180836562846365,spam
2103,filmmakinglabs,0.0001,0.000165,0.606061,-0.13180836562846365,spam
1958,carrie,0.0001,0.000165,0.606061,-0.13180836562846365,spam
1271,sarahkendzior,0.0001,0.000165,0.606061,-0.13180836562846365,spam
1788,rgay,0.0001,0.000165,0.606061,-0.13180836562846365,spam
1056,across,0.0001,0.000165,0.606061,-0.13180836562846365,spam
1019,burstofbeaden,0.0001,0.000165,0.606061,-0.13180836562846365,spam
1103,raised,0.0001,0.000165,0.606061,-0.13180836562846365,spam
1004,adamslisa,0.0001,0.000165,0.606061,-0.13180836562846365,spam
1265,conversations,0.0001,0.000165,0.606061,-0.13180836562846365,spam
697,liberal,0.0001,0.000165,0.606061,-0.13180836562846365,spam
999,spot,0.0001,0.000165,0.606061,-0.13180836562846365,spam
2248,beginning,0.0001,0.000165,0.606061,-0.13180836562846365,spam
1806,dancing,0.0001,0.000165,0.606061,-0.13180836562846365,spam
1977,thus,0.0001,0.000165,0.606061,-0.13180836562846365,spam
1976,lyft,0.0001,0.000165,0.606061,-0.13180836562846365,spam
1971,ramis,0.0001,0.000165,0.606061,-0.13180836562846365,spam
2142,opt,0.0001,0.000165,0.606061,-0.13180836562846365,spam
1332,orientation,0.0001,0.000165,0.606061,-0.13180836562846365,spam
696,pesach,0.0001,0.000165,0.606061,-0.13180836562846365,spam
1745,feminism,0.000299,0.000496,0.602823,-0.1325066357839969,spam
40,child,0.000299,0.000496,0.602823,-0.1325066357839969,spam
2593,happy,0.000299,0.000496,0.602823,-0.1325066357839969,spam
388,anh,0.000299,0.000496,0.602823,-0.1325066357839969,spam
1713,bay,0.000299,0.000496,0.602823,-0.1325066357839969,spam
2360,run,0.000299,0.000496,0.602823,-0.1325066357839969,spam
2492,agree,0.000697,0.001157,0.60242,-0.13259301443966276,spam
1018,lead,0.000697,0.001157,0.60242,-0.13259301443966276,spam
2928,rivers,0.0004980000000000001,0.0008269999999999999,0.6021770000000001,-0.1326450422609732,spam
210,early,0.0004980000000000001,0.0008269999999999999,0.6021770000000001,-0.1326450422609732,spam
3283,pass,0.0004980000000000001,0.0008269999999999999,0.6021770000000001,-0.1326450422609732,spam
2202,city,0.0004980000000000001,0.0008269999999999999,0.6021770000000001,-0.1326450422609732,spam
2072,mind,0.0004980000000000001,0.0008269999999999999,0.6021770000000001,-0.1326450422609732,spam
1964,capital,0.0004980000000000001,0.0008269999999999999,0.6021770000000001,-0.1326450422609732,spam
3048,break,0.0004980000000000001,0.0008269999999999999,0.6021770000000001,-0.1326450422609732,spam
177,seen,0.0004980000000000001,0.0008269999999999999,0.6021770000000001,-0.1326450422609732,spam
2516,lena,0.0008960000000000001,0.0014880000000000002,0.602151,-0.13265060650198796,spam
218,app,0.002986,0.004959000000000001,0.6021380000000001,-0.13265338843966265,spam
984,oakland,0.000398,0.000661,0.602118,-0.13265766810576282,spam
2561,getting,0.000398,0.000661,0.602118,-0.13265766810576282,spam
2592,works,0.000398,0.000661,0.602118,-0.13265766810576282,spam
277,power,0.000398,0.000661,0.602118,-0.13265766810576282,spam
2058,lou,0.000398,0.000661,0.602118,-0.13265766810576282,spam
3033,ura,0.000796,0.001322,0.602118,-0.13265766810576282,spam
1284,makes,0.000398,0.000661,0.602118,-0.13265766810576282,spam
2285,says,0.000398,0.000661,0.602118,-0.13265766810576282,spam
929,race,0.000398,0.000661,0.602118,-0.13265766810576282,spam
2509,mine,0.000398,0.000661,0.602118,-0.13265766810576282,spam
1229,well,0.000597,0.000992,0.601815,-0.13272246974627006,spam
1251,film,0.000597,0.000992,0.601815,-0.13272246974627006,spam
2870,name,0.000597,0.000992,0.601815,-0.13272246974627006,spam
220,living,0.000199,0.000331,0.601208,-0.13285208755403324,spam
824,theo,0.000199,0.000331,0.601208,-0.13285208755403324,spam
371,future,0.000199,0.000331,0.601208,-0.13285208755403324,spam
2596,bigger,0.000199,0.000331,0.601208,-0.13285208755403324,spam
2618,debs,0.000199,0.000331,0.601208,-0.13285208755403324,spam
3023,include,0.000199,0.000331,0.601208,-0.13285208755403324,spam
386,stop,0.000199,0.000331,0.601208,-0.13285208755403324,spam
1488,brother,0.000199,0.000331,0.601208,-0.13285208755403324,spam
1555,jena,0.000199,0.000331,0.601208,-0.13285208755403324,spam
892,wonderful,0.000199,0.000331,0.601208,-0.13285208755403324,spam
1053,current,0.000199,0.000331,0.601208,-0.13285208755403324,spam
2725,sherman,0.000199,0.000331,0.601208,-0.13285208755403324,spam
734,stc,0.000199,0.000331,0.601208,-0.13285208755403324,spam
1256,tour,0.000199,0.000331,0.601208,-0.13285208755403324,spam
119,connected,0.000199,0.000331,0.601208,-0.13285208755403324,spam
333,glasses,0.000199,0.000331,0.601208,-0.13285208755403324,spam
2448,vey,0.000199,0.000331,0.601208,-0.13285208755403324,spam
996,smart,0.000199,0.000331,0.601208,-0.13285208755403324,spam
1419,custom,0.000199,0.000331,0.601208,-0.13285208755403324,spam
1427,monteiro,0.000199,0.000331,0.601208,-0.13285208755403324,spam
521,spend,0.000199,0.000331,0.601208,-0.13285208755403324,spam
736,conflict,0.000199,0.000331,0.601208,-0.13285208755403324,spam
2289,finally,0.000199,0.000331,0.601208,-0.13285208755403324,spam
1763,fem,0.001294,0.002232,0.579749,-0.1372613684843777,spam
1327,way,0.002389,0.0041329999999999995,0.57803,-0.1375998223852118,spam
2426,would,0.000597,0.003058,0.195226,-0.13850549555420413,spam
142,ways,0.000796,0.001405,0.5665479999999999,-0.13980324799188792,spam
2696,take,0.000398,0.001984,0.200605,-0.13995373255179455,spam
2991,patricia,0.000398,0.001984,0.200605,-0.13995373255179455,spam
1402,real,0.000796,0.003967,0.200655,-0.13996689803409798,spam
2145,public,0.000299,0.0014880000000000002,0.200941,-0.14004210063928935,spam
1772,sandyanne,0.0001,0.000496,0.20161300000000001,-0.14021810521370984,spam
459,jenner,0.0001,0.000496,0.20161300000000001,-0.14021810521370984,spam
3125,wants,0.0001,0.000496,0.20161300000000001,-0.14021810521370984,spam
1105,entire,0.0001,0.000496,0.20161300000000001,-0.14021810521370984,spam
2760,hillary,0.0001,0.000496,0.20161300000000001,-0.14021810521370984,spam
547,close,0.0001,0.000496,0.20161300000000001,-0.14021810521370984,spam
919,documentally,0.0001,0.000496,0.20161300000000001,-0.14021810521370984,spam
2237,music,0.0001,0.000496,0.20161300000000001,-0.14021810521370984,spam
1524,community,0.0001,0.000496,0.20161300000000001,-0.14021810521370984,spam
2987,yesterday,0.0001,0.000496,0.20161300000000001,-0.14021810521370984,spam
423,helping,0.0001,0.000496,0.20161300000000001,-0.14021810521370984,spam
140,sense,0.0001,0.000496,0.20161300000000001,-0.14021810521370984,spam
2504,still,0.000697,0.00124,0.5620970000000001,-0.14063033602756445,spam
2767,person,0.000697,0.00124,0.5620970000000001,-0.14063033602756445,spam
1222,ase,0.001991,0.003554,0.560214,-0.1409756358638916,spam
149,life,0.000398,0.0019010000000000001,0.20936300000000002,-0.1421784273775719,spam
775,oscars,0.0010949999999999998,0.001984,0.5519149999999999,-0.14246460610371514,spam
221,find,0.000299,0.001405,0.212811,-0.1430102534423928,spam
1875,many,0.000299,0.001405,0.212811,-0.1430102534423928,spam
1733,anything,0.0004980000000000001,0.000909,0.547855,-0.14317334149944475,spam
1881,san,0.001891,0.003471,0.5448,-0.1436980285167038,spam
2074,less,0.000398,0.001818,0.21892199999999998,-0.1444251624273149,spam
2299,home,0.000199,0.000909,0.21892199999999998,-0.1444251624273149,spam
2207,left,0.000199,0.000909,0.21892199999999998,-0.1444251624273149,spam
658,best,0.000398,0.001818,0.21892199999999998,-0.1444251624273149,spam
1142,yeah,0.000199,0.000909,0.21892199999999998,-0.1444251624273149,spam
1359,lie,0.001294,0.002397,0.539841,-0.14453386295892354,spam
1902,thr,0.002588,0.004794,0.539841,-0.14453386295892354,spam
1381,night,0.001593,0.002975,0.535462,-0.14525549651241074,spam
668,keep,0.000398,0.0007440000000000001,0.534946,-0.14533950844130095,spam
57,meet,0.000398,0.0007440000000000001,0.534946,-0.14533950844130095,spam
1352,owin,0.000398,0.0007440000000000001,0.534946,-0.14533950844130095,spam
3008,alone,0.000398,0.0007440000000000001,0.534946,-0.14533950844130095,spam
680,water,0.000398,0.0007440000000000001,0.534946,-0.14533950844130095,spam
2462,hot,0.000796,0.0014880000000000002,0.534946,-0.14533950844130095,spam
356,mini,0.000796,0.0014880000000000002,0.534946,-0.14533950844130095,spam
2384,press,0.000398,0.0007440000000000001,0.534946,-0.14533950844130095,spam
1802,arquette,0.0004980000000000001,0.002232,0.22311799999999998,-0.1453536552613899,spam
2603,every,0.0008960000000000001,0.003967,0.225863,-0.1459424859154361,spam
3210,women,0.0024879999999999998,0.004711,0.528126,-0.14642950939448465,spam
3013,fan,0.000697,0.001322,0.527231,-0.14656972352168074,spam
1292,going,0.000398,0.001736,0.22926300000000002,-0.1466517527997669,spam
2067,tat,0.001393,0.0026449999999999998,0.526654,-0.1466597688075195,spam
2034,dear,0.000995,0.0019010000000000001,0.523409,-0.14716105365235174,spam
3133,dunham,0.000995,0.0019010000000000001,0.523409,-0.14716105365235174,spam
2828,gold,0.000299,0.000579,0.516408,-0.1482127306992248,spam
261,ross,0.000299,0.000579,0.516408,-0.1482127306992248,spam
1033,saw,0.000299,0.000579,0.516408,-0.1482127306992248,spam
1896,hood,0.000299,0.000579,0.516408,-0.1482127306992248,spam
3138,road,0.000299,0.000579,0.516408,-0.1482127306992248,spam
354,adl,0.000299,0.000579,0.516408,-0.1482127306992248,spam
1333,heerjeet,0.000299,0.000579,0.516408,-0.1482127306992248,spam
2594,woman,0.0008960000000000001,0.001736,0.516129,-0.1482537911582685,spam
2680,lenadunham,0.000597,0.001157,0.51599,-0.14827422336011115,spam
3244,feminist,0.000199,0.0008269999999999999,0.240629,-0.1488656202332451,spam
528,looks,0.000199,0.0008269999999999999,0.240629,-0.1488656202332451,spam
1606,clear,0.000199,0.0008269999999999999,0.240629,-0.1488656202332451,spam
1924,speaking,0.0001,0.000413,0.24213099999999999,-0.1491404936468299,spam
2864,israel,0.0001,0.000413,0.24213099999999999,-0.1491404936468299,spam
1814,camp,0.0001,0.000413,0.24213099999999999,-0.1491404936468299,spam
3109,rachelsklar,0.0001,0.000413,0.24213099999999999,-0.1491404936468299,spam
2726,record,0.0001,0.000413,0.24213099999999999,-0.1491404936468299,spam
3060,network,0.0001,0.000413,0.24213099999999999,-0.1491404936468299,spam
3231,rru,0.0001,0.000413,0.24213099999999999,-0.1491404936468299,spam
572,acts,0.0001,0.000413,0.24213099999999999,-0.1491404936468299,spam
1405,leaders,0.0001,0.000413,0.24213099999999999,-0.1491404936468299,spam
531,course,0.0001,0.000413,0.24213099999999999,-0.1491404936468299,spam
1443,perfect,0.0001,0.000413,0.24213099999999999,-0.1491404936468299,spam
2429,small,0.0001,0.000413,0.24213099999999999,-0.1491404936468299,spam
3132,cruz,0.0001,0.000413,0.24213099999999999,-0.1491404936468299,spam
2574,tough,0.0001,0.000413,0.24213099999999999,-0.1491404936468299,spam
2583,tcarmody,0.0001,0.000413,0.24213099999999999,-0.1491404936468299,spam
1155,except,0.0001,0.000413,0.24213099999999999,-0.1491404936468299,spam
3303,skills,0.0001,0.000413,0.24213099999999999,-0.1491404936468299,spam
764,seemed,0.0001,0.000413,0.24213099999999999,-0.1491404936468299,spam
1127,watched,0.0001,0.000413,0.24213099999999999,-0.1491404936468299,spam
1139,lost,0.0001,0.000413,0.24213099999999999,-0.1491404936468299,spam
2383,reality,0.0001,0.000413,0.24213099999999999,-0.1491404936468299,spam
3314,reason,0.0001,0.000413,0.24213099999999999,-0.1491404936468299,spam
1283,streep,0.0001,0.000413,0.24213099999999999,-0.1491404936468299,spam
2348,lizgannes,0.0001,0.000413,0.24213099999999999,-0.1491404936468299,spam
2362,travolta,0.0001,0.000413,0.24213099999999999,-0.1491404936468299,spam
1326,quite,0.0001,0.000413,0.24213099999999999,-0.1491404936468299,spam
3018,seder,0.0001,0.000413,0.24213099999999999,-0.1491404936468299,spam
2685,together,0.0001,0.000413,0.24213099999999999,-0.1491404936468299,spam
3006,room,0.0004980000000000001,0.000992,0.502016,-0.15024457391128027,spam
2231,thank,0.000995,0.003967,0.250819,-0.15065181580378365,spam
2449,need,0.001194,0.002397,0.498123,-0.15076360327894162,spam
1254,know,0.0008960000000000001,0.003554,0.25211,-0.15086512684555795,spam
2035,could,0.000697,0.001405,0.49608500000000005,-0.15103005432449698,spam
332,peak,0.000697,0.001405,0.49608500000000005,-0.15103005432449698,spam
2125,everything,0.000299,0.001157,0.258427,-0.15186775712956566,spam
700,face,0.000299,0.001157,0.258427,-0.15186775712956566,spam
2730,make,0.001891,0.003885,0.48674399999999995,-0.1522045534631026,spam
575,happening,0.000199,0.000413,0.48184,-0.1527900906776894,spam
1345,exam,0.000199,0.000413,0.48184,-0.1527900906776894,spam
1047,gets,0.000199,0.000413,0.48184,-0.1527900906776894,spam
1038,rachel,0.000199,0.000413,0.48184,-0.1527900906776894,spam
2930,direct,0.000199,0.000413,0.48184,-0.1527900906776894,spam
2488,half,0.000199,0.000413,0.48184,-0.1527900906776894,spam
1476,college,0.000199,0.000413,0.48184,-0.1527900906776894,spam
2716,fall,0.000199,0.000413,0.48184,-0.1527900906776894,spam
2740,clinton,0.000199,0.000413,0.48184,-0.1527900906776894,spam
2671,founder,0.000199,0.000413,0.48184,-0.1527900906776894,spam
2646,worth,0.000199,0.000413,0.48184,-0.1527900906776894,spam
2050,incredible,0.000199,0.000413,0.48184,-0.1527900906776894,spam
1163,deli,0.000199,0.000413,0.48184,-0.1527900906776894,spam
2925,gif,0.000199,0.000413,0.48184,-0.1527900906776894,spam
1200,kpcb,0.000199,0.000413,0.48184,-0.1527900906776894,spam
1178,remind,0.000199,0.000413,0.48184,-0.1527900906776894,spam
3151,facebook,0.000199,0.000413,0.48184,-0.1527900906776894,spam
3162,hate,0.000199,0.000413,0.48184,-0.1527900906776894,spam
1461,hollywood,0.000199,0.000413,0.48184,-0.1527900906776894,spam
53,uber,0.000199,0.000413,0.48184,-0.1527900906776894,spam
288,fave,0.000199,0.000413,0.48184,-0.1527900906776894,spam
1424,pit,0.000597,0.00124,0.48145200000000005,-0.1528354953797708,spam
3261,ybe,0.000597,0.00124,0.48145200000000005,-0.1528354953797708,spam
3323,twitter,0.000597,0.00124,0.48145200000000005,-0.1528354953797708,spam
2431,thought,0.000398,0.0008269999999999999,0.481258,-0.15285814681323392,spam
3295,lean,0.000398,0.0008269999999999999,0.481258,-0.15285814681323392,spam
2022,snl,0.000398,0.0008269999999999999,0.481258,-0.15285814681323392,spam
422,game,0.000398,0.0008269999999999999,0.481258,-0.15285814681323392,spam
1374,around,0.000199,0.0007440000000000001,0.267473,-0.15318715025088253,spam
624,high,0.000199,0.0007440000000000001,0.267473,-0.15318715025088253,spam
2450,maker,0.000199,0.0007440000000000001,0.267473,-0.15318715025088253,spam
2256,means,0.000199,0.0007440000000000001,0.267473,-0.15318715025088253,spam
615,president,0.000199,0.0007440000000000001,0.267473,-0.15318715025088253,spam
1676,ted,0.002986,0.006282,0.475326,-0.15353430473716598,spam
2120,tell,0.0004980000000000001,0.001818,0.273927,-0.15404700085182732,spam
2801,think,0.001294,0.004711,0.27467600000000003,-0.15414248147722864,spam
2733,los,0.000796,0.002893,0.275147,-0.15420206894184907,spam
1244,ring,0.0010949999999999998,0.003967,0.276027,-0.15431246228023954,spam
505,pre,0.002389,0.005124,0.466237,-0.15450780139873113,spam
3143,people,0.0017920000000000002,0.006447,0.277959,-0.1545505573320631,spam
932,lose,0.000299,0.001074,0.27839899999999995,-0.15460396506964766,spam
880,host,0.000299,0.001074,0.27839899999999995,-0.15460396506964766,spam
2713,alr,0.000299,0.001074,0.27839899999999995,-0.15460396506964766,spam
1583,place,0.000299,0.001074,0.27839899999999995,-0.15460396506964766,spam
1922,business,0.000299,0.001074,0.27839899999999995,-0.15460396506964766,spam
1844,idea,0.0004980000000000001,0.001074,0.463687,-0.15476716546448469,spam
529,vice,0.0004980000000000001,0.001074,0.463687,-0.15476716546448469,spam
223,ever,0.001891,0.006695,0.28245,-0.15508155099101587,spam
2617,tom,0.000796,0.00281,0.28327399999999997,-0.1551755949876626,spam
2002,work,0.001294,0.004546,0.284646,-0.15532987470426968,spam
1696,one,0.004678,0.010249,0.45643500000000004,-0.15547137385850812,spam
1382,rate,0.0004980000000000001,0.001736,0.286866,-0.15557343368426685,spam
2173,ice,0.001991,0.004381,0.454462,-0.1556543368930132,spam
1989,let,0.000597,0.002066,0.288964,-0.1557967493932236,spam
2194,working,0.000299,0.000661,0.452345,-0.15584651594222546,spam
2394,called,0.000299,0.000661,0.452345,-0.15584651594222546,spam
2742,away,0.000299,0.000661,0.452345,-0.15584651594222546,spam
2937,hand,0.000299,0.000661,0.452345,-0.15584651594222546,spam
1465,ally,0.002389,0.0052899999999999996,0.451607,-0.15591250038050958,spam
3108,sca,0.001493,0.0033060000000000003,0.451603,-0.15591285659340368,spam
2943,roa,0.000597,0.001322,0.451589,-0.15591410321736132,spam
538,thanks,0.0008960000000000001,0.003058,0.293002,-0.15620798490907695,spam
3329,case,0.000697,0.00157,0.443949,-0.15656612554704097,spam
1655,want,0.0010949999999999998,0.00248,0.441532,-0.15676055674644532,spam
699,right,0.0010949999999999998,0.00248,0.441532,-0.15676055674644532,spam
2116,tech,0.0010949999999999998,0.00248,0.441532,-0.15676055674644532,spam
28,ibogost,0.000199,0.000661,0.301059,-0.15695662351748396,spam
1391,mid,0.000199,0.000661,0.301059,-0.15695662351748396,spam
493,malone,0.000199,0.000661,0.301059,-0.15695662351748396,spam
790,state,0.000398,0.001322,0.301059,-0.15695662351748396,spam
2642,often,0.000199,0.000661,0.301059,-0.15695662351748396,spam
2604,taking,0.000199,0.000661,0.301059,-0.15695662351748396,spam
802,far,0.000199,0.000661,0.301059,-0.15695662351748396,spam
1487,laura,0.000199,0.000661,0.301059,-0.15695662351748396,spam
2982,recommend,0.000199,0.000661,0.301059,-0.15695662351748396,spam
2265,surprise,0.000199,0.000661,0.301059,-0.15695662351748396,spam
2242,much,0.000697,0.002314,0.30121,-0.15696975221377915,spam
1599,rip,0.000299,0.000992,0.30141100000000004,-0.15698717715704252,spam
3271,something,0.000299,0.000992,0.30141100000000004,-0.15698717715704252,spam
1645,maybe,0.000299,0.000992,0.30141100000000004,-0.15698717715704252,spam
1057,stuff,0.000299,0.000992,0.30141100000000004,-0.15698717715704252,spam
2215,coming,0.000398,0.000909,0.43784399999999996,-0.15704614743312964,spam
2249,world,0.000398,0.000909,0.43784399999999996,-0.15704614743312964,spam
724,fluent,0.000398,0.000909,0.43784399999999996,-0.15704614743312964,spam
469,bit,0.000796,0.001818,0.43784399999999996,-0.15704614743312964,spam
1845,look,0.001194,0.002727,0.43784399999999996,-0.15704614743312964,spam
2457,web,0.000398,0.000909,0.43784399999999996,-0.15704614743312964,spam
1686,guys,0.000398,0.000909,0.43784399999999996,-0.15704614743312964,spam
1564,alexie,0.0001,0.000331,0.302115,-0.15704774905510868,spam
1162,asking,0.0001,0.000331,0.302115,-0.15704774905510868,spam
44,education,0.0001,0.000331,0.302115,-0.15704774905510868,spam
2183,done,0.0001,0.000331,0.302115,-0.15704774905510868,spam
1642,sentence,0.0001,0.000331,0.302115,-0.15704774905510868,spam
2423,awesome,0.0001,0.000331,0.302115,-0.15704774905510868,spam
2739,closing,0.0001,0.000331,0.302115,-0.15704774905510868,spam
266,soon,0.0001,0.000331,0.302115,-0.15704774905510868,spam
1290,completely,0.0001,0.000331,0.302115,-0.15704774905510868,spam
1197,court,0.0001,0.000331,0.302115,-0.15704774905510868,spam
2849,schwartz,0.0001,0.000331,0.302115,-0.15704774905510868,spam
1784,changing,0.0001,0.000331,0.302115,-0.15704774905510868,spam
491,bring,0.0001,0.000331,0.302115,-0.15704774905510868,spam
126,heading,0.0001,0.000331,0.302115,-0.15704774905510868,spam
511,hero,0.0001,0.000331,0.302115,-0.15704774905510868,spam
1751,ideas,0.0001,0.000331,0.302115,-0.15704774905510868,spam
660,states,0.0001,0.000331,0.302115,-0.15704774905510868,spam
482,justice,0.0001,0.000331,0.302115,-0.15704774905510868,spam
3307,town,0.0001,0.000331,0.302115,-0.15704774905510868,spam
2606,audience,0.0001,0.000331,0.302115,-0.15704774905510868,spam
26,customer,0.0001,0.000331,0.302115,-0.15704774905510868,spam
1716,nothing,0.0001,0.000331,0.302115,-0.15704774905510868,spam
241,role,0.0001,0.000331,0.302115,-0.15704774905510868,spam
2418,past,0.0001,0.000331,0.302115,-0.15704774905510868,spam
2029,true,0.0001,0.000331,0.302115,-0.15704774905510868,spam
972,united,0.0001,0.000331,0.302115,-0.15704774905510868,spam
2655,writers,0.0001,0.000331,0.302115,-0.15704774905510868,spam
2546,always,0.0004980000000000001,0.001157,0.430424,-0.15757974185938353,spam
3176,anyone,0.0004980000000000001,0.001157,0.430424,-0.15757974185938353,spam
0,better,0.0004980000000000001,0.001157,0.430424,-0.15757974185938353,spam
1647,ecti,0.0004980000000000001,0.001157,0.430424,-0.15757974185938353,spam
1773,interesting,0.0004980000000000001,0.001157,0.430424,-0.15757974185938353,spam
1740,found,0.0004980000000000001,0.001157,0.430424,-0.15757974185938353,spam
3333,used,0.0004980000000000001,0.001157,0.430424,-0.15757974185938353,spam
1842,get,0.0021899999999999997,0.005124,0.4274,-0.15778132708029116,spam
3051,change,0.000697,0.002232,0.312276,-0.1578434617195838,spam
2503,rob,0.000697,0.002232,0.312276,-0.1578434617195838,spam
2633,also,0.000697,0.002232,0.312276,-0.1578434617195838,spam
1886,speak,0.000597,0.001405,0.424911,-0.1579402795048853,spam
3201,heathr,0.001294,0.003058,0.42315200000000003,-0.15804879624423834,spam
3249,guy,0.000697,0.0016530000000000002,0.421658,-0.1581384710631427,spam
1152,say,0.001393,0.0033060000000000003,0.42135500000000004,-0.15815637798401902,spam
1853,see,0.001891,0.005951,0.317762,-0.15821307689702346,spam
2786,men,0.005375,0.012811000000000001,0.41956099999999996,-0.1582604600741084,spam
465,may,0.000796,0.0019010000000000001,0.41872700000000007,-0.1583077125658187,spam
2857,love,0.0017920000000000002,0.004381,0.409039,-0.15880337152368346,spam
3334,fluentconf,0.000299,0.000909,0.328933,-0.15883929646686867,spam
1417,recent,0.000299,0.000909,0.328933,-0.15883929646686867,spam
1356,rights,0.000299,0.000909,0.328933,-0.15883929646686867,spam
1289,hope,0.000299,0.000909,0.328933,-0.15883929646686867,spam
265,ellenpao,0.000299,0.000909,0.328933,-0.15883929646686867,spam
1258,strange,0.0001,0.000248,0.40322600000000003,-0.15905308939581522,spam
1478,sorry,0.0001,0.000248,0.40322600000000003,-0.15905308939581522,spam
3332,lizzwinstead,0.0001,0.000248,0.40322600000000003,-0.15905308939581522,spam
640,seat,0.0001,0.000248,0.40322600000000003,-0.15905308939581522,spam
3,mitchell,0.0001,0.000248,0.40322600000000003,-0.15905308939581522,spam
3154,hours,0.0001,0.000248,0.40322600000000003,-0.15905308939581522,spam
3160,quick,0.0001,0.000248,0.40322600000000003,-0.15905308939581522,spam
2557,understand,0.0001,0.000248,0.40322600000000003,-0.15905308939581522,spam
58,release,0.0001,0.000248,0.40322600000000003,-0.15905308939581522,spam
25,learning,0.0001,0.000248,0.40322600000000003,-0.15905308939581522,spam
98,solve,0.0001,0.000248,0.40322600000000003,-0.15905308939581522,spam
1467,iphone,0.0001,0.000248,0.40322600000000003,-0.15905308939581522,spam
55,amazon,0.0001,0.000248,0.40322600000000003,-0.15905308939581522,spam
1201,points,0.0001,0.000248,0.40322600000000003,-0.15905308939581522,spam
2122,presidential,0.0001,0.000248,0.40322600000000003,-0.15905308939581522,spam
1205,joni,0.0001,0.000248,0.40322600000000003,-0.15905308939581522,spam
3268,clean,0.0001,0.000248,0.40322600000000003,-0.15905308939581522,spam
525,jenafriedman,0.0001,0.000248,0.40322600000000003,-0.15905308939581522,spam
2476,funnywomen,0.0001,0.000248,0.40322600000000003,-0.15905308939581522,spam
2524,focused,0.0001,0.000248,0.40322600000000003,-0.15905308939581522,spam
1231,heads,0.0001,0.000248,0.40322600000000003,-0.15905308939581522,spam
3202,drivers,0.0001,0.000248,0.40322600000000003,-0.15905308939581522,spam
52,wondering,0.0001,0.000248,0.40322600000000003,-0.15905308939581522,spam
1227,stay,0.0001,0.000248,0.40322600000000003,-0.15905308939581522,spam
1348,gives,0.0001,0.000248,0.40322600000000003,-0.15905308939581522,spam
3101,attempt,0.0001,0.000248,0.40322600000000003,-0.15905308939581522,spam
2567,susan,0.0001,0.000248,0.40322600000000003,-0.15905308939581522,spam
1146,curious,0.0001,0.000248,0.40322600000000003,-0.15905308939581522,spam
1137,ironic,0.0001,0.000248,0.40322600000000003,-0.15905308939581522,spam
3030,scene,0.0001,0.000248,0.40322600000000003,-0.15905308939581522,spam
1133,spent,0.0001,0.000248,0.40322600000000003,-0.15905308939581522,spam
2692,building,0.0001,0.000248,0.40322600000000003,-0.15905308939581522,spam
1967,neither,0.0001,0.000248,0.40322600000000003,-0.15905308939581522,spam
2714,carolyn,0.0001,0.000248,0.40322600000000003,-0.15905308939581522,spam
1956,owenthomas,0.0001,0.000248,0.40322600000000003,-0.15905308939581522,spam
3131,beautiful,0.0001,0.000248,0.40322600000000003,-0.15905308939581522,spam
1935,happened,0.0001,0.000248,0.40322600000000003,-0.15905308939581522,spam
3003,hiring,0.0001,0.000248,0.40322600000000003,-0.15905308939581522,spam
216,conferences,0.0001,0.000248,0.40322600000000003,-0.15905308939581522,spam
2981,therapy,0.0001,0.000248,0.40322600000000003,-0.15905308939581522,spam
2750,storytelling,0.0001,0.000248,0.40322600000000003,-0.15905308939581522,spam
1065,truth,0.0001,0.000248,0.40322600000000003,-0.15905308939581522,spam
1697,attorney,0.0001,0.000248,0.40322600000000003,-0.15905308939581522,spam
1709,harder,0.0001,0.000248,0.40322600000000003,-0.15905308939581522,spam
1860,radical,0.0001,0.000248,0.40322600000000003,-0.15905308939581522,spam
2927,affair,0.0001,0.000248,0.40322600000000003,-0.15905308939581522,spam
1852,mitzvah,0.0001,0.000248,0.40322600000000003,-0.15905308939581522,spam
2918,messages,0.0001,0.000248,0.40322600000000003,-0.15905308939581522,spam
2804,wrote,0.0001,0.000248,0.40322600000000003,-0.15905308939581522,spam
1833,breakfast,0.0001,0.000248,0.40322600000000003,-0.15905308939581522,spam
334,citywinery,0.0001,0.000248,0.40322600000000003,-0.15905308939581522,spam
1803,cure,0.0001,0.000248,0.40322600000000003,-0.15905308939581522,spam
2862,wall,0.0001,0.000248,0.40322600000000003,-0.15905308939581522,spam
2643,kinds,0.0001,0.000248,0.40322600000000003,-0.15905308939581522,spam
889,heard,0.0001,0.000248,0.40322600000000003,-0.15905308939581522,spam
2085,shift,0.0001,0.000248,0.40322600000000003,-0.15905308939581522,spam
2086,pleasure,0.0001,0.000248,0.40322600000000003,-0.15905308939581522,spam
3068,monstro,0.0001,0.000248,0.40322600000000003,-0.15905308939581522,spam
3092,dailyshow,0.0001,0.000248,0.40322600000000003,-0.15905308939581522,spam
481,starbucks,0.0001,0.000248,0.40322600000000003,-0.15905308939581522,spam
3099,daughter,0.0001,0.000248,0.40322600000000003,-0.15905308939581522,spam
2059,assault,0.0001,0.000248,0.40322600000000003,-0.15905308939581522,spam
2047,paid,0.0001,0.000248,0.40322600000000003,-0.15905308939581522,spam
2041,example,0.0001,0.000248,0.40322600000000003,-0.15905308939581522,spam
139,beyond,0.0001,0.000248,0.40322600000000003,-0.15905308939581522,spam
2089,band,0.0001,0.000248,0.40322600000000003,-0.15905308939581522,spam
1060,hear,0.0004980000000000001,0.0014880000000000002,0.334677,-0.15909678858510662,spam
321,count,0.0004980000000000001,0.0014880000000000002,0.334677,-0.15909678858510662,spam
612,never,0.0004980000000000001,0.0014880000000000002,0.334677,-0.15909678858510662,spam
574,online,0.000299,0.0007440000000000001,0.401882,-0.15910566456114655,spam
627,nice,0.000299,0.0007440000000000001,0.401882,-0.15910566456114655,spam
2865,made,0.000299,0.0007440000000000001,0.401882,-0.15910566456114655,spam
3173,folks,0.000299,0.0007440000000000001,0.401882,-0.15910566456114655,spam
1397,light,0.000299,0.0007440000000000001,0.401882,-0.15910566456114655,spam
2792,dearsarah,0.000697,0.001736,0.401498,-0.15912032778759772,spam
3066,ask,0.000697,0.001736,0.401498,-0.15912032778759772,spam
1418,approach,0.000199,0.000496,0.40121,-0.15913122054324322,spam
1012,esk,0.000199,0.000496,0.40121,-0.15913122054324322,spam
2731,phone,0.000199,0.000496,0.40121,-0.15913122054324322,spam
1253,shot,0.000199,0.000496,0.40121,-0.15913122054324322,spam
769,convo,0.000199,0.000496,0.40121,-0.15913122054324322,spam
1046,rest,0.000995,0.00248,0.40121,-0.15913122054324322,spam
1472,try,0.000796,0.001984,0.40121,-0.15913122054324322,spam
3019,miss,0.000398,0.000992,0.40121,-0.15913122054324322,spam
2094,tow,0.000199,0.000496,0.40121,-0.15913122054324322,spam
2628,remember,0.000199,0.000496,0.40121,-0.15913122054324322,spam
2005,hop,0.000597,0.0014880000000000002,0.40121,-0.15913122054324322,spam
2139,social,0.000199,0.000496,0.40121,-0.15913122054324322,spam
1141,partner,0.000199,0.000496,0.40121,-0.15913122054324322,spam
1051,call,0.0008960000000000001,0.0026449999999999998,0.338752,-0.15925345745968028,spam
1719,yet,0.000199,0.000579,0.343696,-0.1594149766903831,spam
2407,thejeffdavidson,0.000199,0.000579,0.343696,-0.1594149766903831,spam
1191,system,0.000199,0.000579,0.343696,-0.1594149766903831,spam
2510,shit,0.000199,0.000579,0.343696,-0.1594149766903831,spam
6,trying,0.000199,0.000579,0.343696,-0.1594149766903831,spam
466,firm,0.000199,0.000579,0.343696,-0.1594149766903831,spam
2854,straight,0.000199,0.000579,0.343696,-0.1594149766903831,spam
776,bank,0.000199,0.000579,0.343696,-0.1594149766903831,spam
2171,mum,0.000199,0.000579,0.343696,-0.1594149766903831,spam
1665,sanfrancisco,0.000199,0.000579,0.343696,-0.1594149766903831,spam
471,loss,0.000199,0.000579,0.343696,-0.1594149766903831,spam
3254,response,0.000199,0.000579,0.343696,-0.1594149766903831,spam
2164,yes,0.000597,0.001736,0.34389400000000003,-0.15942079907202447,spam
1821,valley,0.000398,0.001157,0.343993,-0.1594236916949339,spam
1444,ready,0.000398,0.001157,0.343993,-0.1594236916949339,spam
2284,head,0.000398,0.001157,0.343993,-0.1594236916949339,spam
585,wonder,0.000398,0.001157,0.343993,-0.1594236916949339,spam
359,part,0.000796,0.002066,0.385286,-0.15959192302570066,spam
1607,though,0.000697,0.001984,0.35131,-0.15960346618993254,spam
669,next,0.0004980000000000001,0.001405,0.354448,-0.15966020479159526,spam
335,good,0.001593,0.004463,0.356935,-0.15969659685328225,spam
1778,thing,0.00209,0.005538,0.377393,-0.15971504216061888,spam
1316,hard,0.0004980000000000001,0.001322,0.376702,-0.1597224292869191,spam
1499,set,0.0004980000000000001,0.001322,0.376702,-0.1597224292869191,spam
2063,ere,0.001493,0.003967,0.376355,-0.15972593132220486,spam
1414,like,0.00209,0.005786,0.361217,-0.1597416508275623,spam
144,even,0.0008960000000000001,0.00248,0.36129,-0.1597422270498061,spam
661,funny,0.000299,0.0008269999999999999,0.361548,-0.15974421224303215,spam
1909,pattyarquette,0.000299,0.0008269999999999999,0.361548,-0.15974421224303215,spam
1020,wage,0.000398,0.001074,0.370577,-0.15976372649500786,spam
2414,lex,0.000398,0.001074,0.370577,-0.15976372649500786,spam
